EI_NAME,ENV_NAME,BOOTLOAD,PL_NAME,SRV_NAME,UNT,UNT_IMAGE,COMPUTE_UNIT,Cores,Memory (Gigs),Prod/Dev,EM  Y / N / Retire,Comments
BGDLTE410D01,bgd0002,apol6u4,TECHPROD-NADC-01,srv11713,unit18577,BGDLTE410D01_BDA,64,4,32,Prod,Y,
BGDLTE410D01,bgd0006,apol6u4,ADE-NADC-11,srv14412,unit3702,BGDLTE410D01_BDA,64,4,32,Prod,Y,
BGDLTE410D01,bgd0008,apol6u4,ADE-NADC-11,srv14113,unit3780,BGDLTE410D01_BDA,64,4,32,Prod,Y,
BGDLTE410D01,bgd0009,apol6u4,TECHPROD-NADC-01,srv11313,unit3781,BGDLTE410D01_BDA,64,4,32,Prod,Y,
BGDLTE410D01,bgd0010,apol6u4,ADE-NADC-11,srv11905,unit3782,BGDLTE410D01_BDA,64,4,32,Prod,Y,
BGDLTE410D01,bgd0011,apol6u4,ADE-NADC-11,srv10721,unit3783,BGDLTE410D01_BDA,64,4,32,Prod,Y,
BGDPCS111C01,bgd0003,apol6u4,TECHPROD-NADC-01,srv11515,unit24686,BGDPCS111C01_WLS,64,4,32,Prod,Y,
BGDPCS111C01,bgd0003,apol6u4,TECHPROD-NADC-01,srv13410,unit24685,BGDPCS111C01_CDH,64,4,32,Prod,Y,
BGDPCS111C01,bgd0004,apol6u4,TECHPROD-NADC-01,srv13201,unit2371,BGDPCS111C01_CDH,64,4,32,Prod,Y,
BGDPCS111C01,bgd0004,apol6u4,TECHPROD-NADC-01,srv13201,unit2374,BGDPCS111C01_WLS,64,4,32,Prod,Y,
BGDPCSSTDC01,bgd0005,apol6u4,TECHPROD-NADC-01,srv11713,unit1754,BGDPCSSTDC01_CD1,64,8,32,Dev,N,No space so put in TechProd to be released
BGDPCSSTDC01,bgd0005,apol6u4,TECHPROD-NADC-01,srv11713,unit18459,BGDPCSSTDC01_WLS,64,8,32,Dev,N,
BGDPCSSTDC01,bgd0005,apol6u4,TECHPROD-NADC-01,srv17825,unit17547,BGDPCSSTDC01_CD2,64,8,32,Dev,N,
BGDPCSSTDC01,bgd0005,apol6u4,TECHPROD-NADC-01,srv17825,unit17548,BGDPCSSTDC01_CD3,64,8,32,Dev,N,
ENDBDDPOCD01,end0009,apol6u4,TECHPROD-NADC-01,srv17831,unit4825,ENDBDDPOCD01_BDD,128,12,64,Prod,Retire 11/30/15,
ENDBDDPOCD01,end0009,apol6u4,TECHPROD-NADC-01,srv17831,unit4826,ENDBDDPOCD01_HDP,128,8,64,Prod,Retire 11/30/15,
ENDBDDPOCD01,end0012,apol6u4,TECHPROD-NADC-01,srv11710,unit4855,ENDBDDPOCD01_BDD,128,12,64,Prod,Retire 10/09/15,
ENDBDDPOCD01,end0012,apol6u4,TECHPROD-NADC-01,srv11710,unit4856,ENDBDDPOCD01_HDP,128,8,64,Prod,Retire 10/09/15,
ENDBDDSTDD01,end0017,apol6u4,TECHBUILD-NADC-01,srv17828,unit5963,ENDBDDSTDD01_BDD,512,40,256,Dev,N,
ENDBDDSTDD01,end0083,apol6u4,ENDBDD-NADC-01,srv17928,unit15732,ENDBDDSTDD01_BDD,512,40,256,Dev,N,
ENDEID311D01,end0040,apol5u10,ADE-NADC-11,srv10813,unit17483,ENDEID311D01_ES1,36,6,18,Prod,Retire 12/30/15,
ENDEID311D01,end0040,apol5u10,ADE-NADC-11,srv10813,unit17484,ENDEID311D01_ES2,36,6,18,Prod,Retire 12/30/15,
ENDEID311D01,end0040,apol5u10,ADE-NADC-11,srv10813,unit17485,ENDEID311D01_ES3,36,6,18,Prod,Retire 12/30/15,
ENDEID311D01,end0040,apol5u10,ADE-NADC-11,srv14412,unit17486,ENDEID311D01_ES4,36,6,18,Prod,Retire 12/30/15,
ENDEID311D01,end0040,apol5u10,ADE-NADC-11,srv14412,unit17487,ENDEID311D01_EST,36,6,18,Prod,Retire 12/30/15,
ENDEID311D01,end0085,apol5u10,ADMIN-NADC-11,srv14603,unit17749,ENDEID311D01_ES3,36,6,18,Prod,Retire 12/30/15,
ENDEID311D01,end0085,apol5u10,TECHPROD-NADC-01,srv14806,unit17835,ENDEID311D01_EST,36,6,18,Prod,Retire 12/30/15,
ENDEID311D01,end0085,apol5u10,TECHPROD-NADC-01,srv17825,unit17747,ENDEID311D01_ES1,36,6,18,Prod,Retire 12/30/15,
ENDEID311D01,end0085,apol5u10,TECHPROD-NADC-01,srv17825,unit17748,ENDEID311D01_ES2,36,6,18,Prod,Retire 12/30/15,
ENDEID311D01,end0085,apol5u10,TECHPROD-NADC-01,srv17825,unit17750,ENDEID311D01_ES4,36,6,18,Prod,Retire 12/30/15,
ENDPOC300D02,end0084,apol5u10,TECHPROD-NADC-01,srv17825,unit17836,ENDPOC300D02_POC,36,8,18,Prod,Retire 12/30/15,
ENDPOC311D01,end0001,apol5u10,TECHPROD-NADC-01,srv14804,unit17619,ENDPOC311D01_EID,36,6,18,Prod,Retire 12/30/15,
ENDPOC311D01,end0013,apol5u10,ADE-NADC-11,srv14608,unit2126,ENDPOC311D01_EID,36,6,18,Prod,Retire 12/30/15,
ENDPOC311D01,end0038,apol5u10,ADE-NADC-11,srv11502,unit1696,ENDPOC311D01_EID,36,6,18,Prod,Retire 12/30/15,
ENDPOC311D01,end0044,apol5u10,ADE-NADC-11,srv14807,unit1518,ENDPOC311D01_EID,36,6,18,Prod,Retire 12/30/15,
ENDPOC311D01,end0045,apol5u10,ADE-NADC-11,srv11502,unit1521,ENDPOC311D01_EID,36,6,18,Prod,Retire 12/30/15,
ENDPOC311D01,end0046,apol5u10,ADE-NADC-11,srv11701,unit1593,ENDPOC311D01_EID,36,6,18,Prod,Retire 12/30/15,
ENDPOC311D01,end0047,apol5u10,ADE-NADC-11,srv10721,unit1755,ENDPOC311D01_EID,36,6,18,Prod,Retire 12/30/15,
ENDPOC311D01,end0048,apol5u10,ADE-NADC-11,srv11502,unit1756,ENDPOC311D01_EID,36,6,18,Prod,Retire 12/30/15,
ENDPOC311D01,end0049,apol5u10,ADE-NADC-11,srv14608,unit18529,ENDPOC311D01_EID,36,6,18,Prod,Retire 12/30/15,
ENDPOC311D01,end0050,apol5u10,ADE-NADC-11,srv14905,unit18530,ENDPOC311D01_EID,36,6,18,Prod,Retire 12/30/15,
ENDPOC311D01,end0051,apol5u10,ADE-NADC-11,srv10721,unit18531,ENDPOC311D01_EID,36,6,18,Prod,Retire 12/30/15,
ENDPOC311D01,end0058,apol5u10,ADE-NADC-11,srv10721,unit0047,ENDPOC311D01_EID,36,6,18,Prod,Retire 12/30/15,
ENDPOC311D01,end0059,apol5u10,ADE-NADC-11,srv10721,unit16412,ENDPOC311D01_EID,36,6,18,Prod,Retire 12/30/15,
ENDPOC311D01,end0061,apol5u10,ADE-NADC-11,srv14113,unit18775,ENDPOC311D01_EID,36,6,18,Prod,Retire 12/30/15,
ENDPOC311D02,end00033,apol5u8,ADE-NADC-11,srv14113,unit16756,ENDPOC311D02_EID,36,6,18,Prod,Retire 12/30/15,
ENDPOC311D02,end0052,apol5u8,TECHPROD-NADC-01,srv11515,unit18588,ENDPOC311D02_EID,36,6,18,Prod,Retire 12/30/15,
ENDPOC311D02,end0055,apol5u8,EBS-NADC-11,srv17210,unit18591,ENDPOC311D02_EID,36,6,18,Prod,Retire 12/30/15,
ENDPOC311D02,end0056,apol5u8,TECHPROD-NADC-01,srv14705,unit18592,ENDPOC311D02_EID,36,6,18,Prod,Retire 12/30/15,
ENDPOC311D02,end0062,apol5u8,ADE-NADC-11,srv10813,unit18776,ENDPOC311D02_EID,36,6,18,Prod,Retire 12/30/15,
ENDPOC311D02,end0063,apol5u8,ADE-NADC-11,srv10813,unit18777,ENDPOC311D02_EID,36,6,18,Prod,Retire 12/30/15,
ENDPOC311D02,end0064,apol5u8,TECHPROD-NADC-01,srv14414,unit19613,ENDPOC311D02_EID,36,6,18,Prod,Retire 12/30/15,
ENDPOC311D02,end0065,apol5u8,MISC-NADC-11,srv14014,unit19614,ENDPOC311D02_EID,36,6,18,Prod,Retire 12/30/15,
ENDPOC311D02,end0069,apol5u8,ADE-NADC-11,srv14905,unit19858,ENDPOC311D02_EID,36,6,18,Prod,Retire 12/30/15,
ENDPOC311D02,end0070,apol5u8,ADE-NADC-11,srv14608,unit20133,ENDPOC311D02_EID,36,6,18,Prod,Retire 12/30/15,
ENDPOC311D02,end0071,apol5u8,TECHPROD-NADC-01,srv12002,unit20287,ENDPOC311D02_EID,36,6,18,Prod,Retire 12/30/15,
ENDPOC311D02,end0072,apol5u8,TECHPROD-NADC-01,srv12002,unit20288,ENDPOC311D02_EID,36,6,18,Prod,Retire 12/30/15,
ENDPOC311D02,end0073,apol5u8,TECHPROD-NADC-01,srv14808,unit20671,ENDPOC311D02_EID,36,6,18,Prod,Retire 12/30/15,
ENDPOC311D02,end0074,apol5u8,ADE-NADC-11,srv11502,unit20698,ENDPOC311D02_EID,36,6,18,Prod,Retire 12/30/15,
ENDPOC311D02,end0075,apol5u8,MISC-NADC-11,srv14014,unit20699,ENDPOC311D02_EID,36,6,18,Prod,Retire 12/30/15,
ENDPOC311D02,end0082,apol5u8,TECHPROD-NADC-01,srv15606,unit22093,ENDPOC311D02_EID,36,6,18,Prod,Retire 12/30/15,
EPMEPR111D02,epm0042,apol5u8,HYP-NADC-11,srv10515,unit19716,EPMEPR111D02_APP,24,4,12,Prod,Y,
EPMEPR111D02,epm0048,apol5u8,HYP-NADC-11,srv11301,unit14031,EPMEPR111D02_APP,24,4,12,Prod,Y,
EPMEPR111D02,epm0049,apol5u8,HYP-NADC-11,srv11301,unit14032,EPMEPR111D02_APP,24,4,12,Prod,Y,
EPMEPR111D02,epm0050,apol5u8,HYP-NADC-11,srv11301,unit14113,EPMEPR111D02_APP,24,4,12,Prod,Y,
EPMEPR111D02,epm0053,apol5u8,HYP-NADC-11,srv11301,unit14114,EPMEPR111D02_APP,24,4,12,Prod,Y,
EPMEPR111D02,epm0058,apol5u8,HYP-NADC-11,srv11301,unit14115,EPMEPR111D02_APP,24,4,12,Prod,Y,
EPMEPR111D02,epm0062,apol5u8,HYP-NADC-11,srv10520,unit14116,EPMEPR111D02_APP,24,4,12,Prod,Y,
EPMEPR111D02,epm0065,apol5u8,HYP-NADC-11,srv10515,unit14117,EPMEPR111D02_APP,24,4,12,Prod,Y,
EPMEPR111D02,epm0068,apol5u8,HYP-NADC-11,srv11301,unit14118,EPMEPR111D02_APP,24,4,12,Prod,Y,
EPMEPR111D02,epm0069,apol5u8,HYP-NADC-11,srv13612,unit14119,EPMEPR111D02_APP,24,4,12,Prod,Y,
EPMEPR111D02,epm0070,apol5u8,HYP-NADC-11,srv10908,unit14120,EPMEPR111D02_APP,24,4,12,Prod,Y,
EPMEPR111D02,epm0071,apol5u8,HYP-NADC-11,srv12703,unit14842,EPMEPR111D02_APP,24,4,12,Prod,Y,
EPMEPR111D02,epm0072,apol5u8,HYP-NADC-11,srv10605,unit14843,EPMEPR111D02_APP,24,4,12,Prod,Y,
EPMEPR111D02,epm0074,apol5u8,HYP-NADC-11,srv14207,unit14844,EPMEPR111D02_APP,24,4,12,Prod,Y,
EPMEPR111D02,epm0075,apol5u8,HYP-NADC-11,srv13102,unit14845,EPMEPR111D02_APP,24,4,12,Prod,Y,
EPMEPR111D02,epm0076,apol5u8,HYP-NADC-11,srv10514,unit14846,EPMEPR111D02_APP,24,4,12,Prod,Y,
EPMEPR111D02,epm0077,apol5u8,HYP-NADC-11,srv10618,unit14847,EPMEPR111D02_APP,24,4,12,Prod,Y,
EPMEPR111D02,epm0078,apol5u8,HYP-NADC-11,srv10516,unit14848,EPMEPR111D02_APP,24,4,12,Prod,Y,
EPMEPR111D02,epm0079,apol5u8,HYP-NADC-11,srv14002,unit14849,EPMEPR111D02_APP,24,4,12,Prod,Y,
EPMEPR111D02,epm0080,apol5u8,HYP-NADC-11,srv11613,unit14850,EPMEPR111D02_APP,24,4,12,Prod,Y,
EPMEPR111D02,epm0081,apol5u8,HYP-NADC-11,srv14604,unit14941,EPMEPR111D02_APP,24,4,12,Prod,Y,
EPMEPR111D02,epm0083,apol5u8,HYP-NADC-11,srv10501,unit0395,EPMEPR111D02_APP,24,4,12,Prod,Y,
EPMEPR111D02,epm0085,apol5u8,HYP-NADC-11,srv10316,unit9700,EPMEPR111D02_APP,24,4,12,Prod,Y,
EPMEPR111D02,epm0086,apol5u8,HYP-NADC-11,srv10501,unit9701,EPMEPR111D02_APP,24,4,12,Prod,Y,
EPMEPR111D02,epm0087,apol5u8,HYP-NADC-11,srv10316,unit9819,EPMEPR111D02_APP,24,4,12,Prod,Y,
EPMEPR111D02,epm0088,apol5u8,HYP-NADC-11,srv10501,unit14942,EPMEPR111D02_APP,24,4,12,Prod,Y,
EPMEPR111D02,epm0089,apol5u8,HYP-NADC-11,srv10316,unit14943,EPMEPR111D02_APP,24,4,12,Prod,Y,
EPMEPR111D02,epm0090,apol5u8,HYP-NADC-11,srv10501,unit14944,EPMEPR111D02_APP,24,4,12,Prod,Y,
EPMEPR111D02,epm0091,apol5u8,HYP-NADC-11,srv10316,unit14945,EPMEPR111D02_APP,24,4,12,Prod,Y,
EPMEPR111D02,epm0092,apol5u8,HYP-NADC-11,srv10501,unit14946,EPMEPR111D02_APP,24,4,12,Prod,Y,
EPMEPR111D02,epm0093,apol5u8,HYP-NADC-11,srv10316,unit14947,EPMEPR111D02_APP,24,4,12,Prod,Y,
EPMEPR111D02,epm0213,apol5u8,TECHBUILD-NADC-01,srv17832,unit1997,EPMEPR111D02_APP,24,4,12,Prod,Y,
EPMEPR111D02,epm0216,apol5u8,TECHBUILD-NADC-01,srv17832,unit19745,EPMEPR111D02_APP,24,4,12,Prod,Y,
EPMEPR111D02,epm0218,apol5u8,TECHBUILD-NADC-01,srv10805,unit19746,EPMEPR111D02_APP,24,4,12,Prod,Y,
EPMEPR111D02,epm0221,apol5u8,TECHBUILD-NADC-01,srv14411,unit19747,EPMEPR111D02_APP,24,4,12,Prod,Y,
EPMEPR111D02,epm0224,apol5u8,TECHBUILD-NADC-01,srv14508,unit2251,EPMEPR111D02_APP,24,4,12,Prod,Y,
EPMFRC111D01,epm0025,apol5u8,HYP-NADC-11,srv11613,unit24872,EPMFRC111D01_FRC,32,4,16,Prod,Retire 10/30/15,
EPMFRC111D01,epm0026,apol5u8,HYP-NADC-11,srv10605,unit24873,EPMFRC111D01_FRC,32,4,16,Prod,Retire 10/30/15,
EPMFRC111D01,epm0027,apol5u8,HYP-NADC-11,srv10520,unit24874,EPMFRC111D01_FRC,32,4,16,Prod,Retire 10/30/15,
EPMFRC111D01,epm0028,apol5u8,HYP-NADC-11,srv14207,unit24875,EPMFRC111D01_FRC,32,4,16,Prod,Retire 10/30/15,
EPMFRC111D01,epm0029,apol5u8,HYP-NADC-11,srv12012,unit24876,EPMFRC111D01_FRC,32,4,16,Prod,Retire 10/30/15,
EPMFRC111D01,epm0030,apol5u8,HYP-NADC-11,srv13902,unit24877,EPMFRC111D01_FRC,32,4,16,Prod,Retire 10/30/15,
EPMFRC111D01,epm0034,apol5u8,HYP-NADC-11,srv10520,unit24878,EPMFRC111D01_FRC,32,4,16,Prod,Retire 10/30/15,
EPMFRC111D01,epm0035,apol5u8,HYP-NADC-11,srv13215,unit24879,EPMFRC111D01_FRC,32,4,16,Prod,Retire 10/30/15,
EPMFRC111D01,epm0037,apol5u8,HYP-NADC-11,srv14202,unit24880,EPMFRC111D01_FRC,32,4,16,Prod,Retire 10/30/15,
EPMFRC111D01,epm0038,apol5u8,HYP-NADC-11,srv10515,unit24881,EPMFRC111D01_FRC,32,4,16,Prod,Retire 10/30/15,
EPMFRC111D01,epm0187,apol5u8,HYP-NADC-11,srv13612,unit0496,EPMFRC111D01_FRC,32,4,16,Prod,Retire 10/30/15,
EPMFRC111D01,epm0194,apol5u8,HYP-NADC-11,srv14002,unit1494,EPMFRC111D01_FRC,32,4,16,Prod,Retire 10/30/15,
EPMFRC111D01,epm0195,apol5u8,HYP-NADC-11,srv13612,unit1495,EPMFRC111D01_FRC,32,4,16,Prod,Retire 10/30/15,
EPMFRC111D01,epm0196,apol5u8,HYP-NADC-11,srv10514,unit1496,EPMFRC111D01_FRC,32,4,16,Prod,Retire 10/30/15,
EPMFRC111D01,epm0197,apol5u8,HYP-NADC-11,srv12703,unit1497,EPMFRC111D01_FRC,32,4,16,Prod,Retire 10/30/15,
EPMFRC111D01,epm0200,apol5u8,HYP-NADC-11,srv11613,unit1498,EPMFRC111D01_FRC,32,4,16,Prod,Retire 10/30/15,
EPMFRC111D01,epm0201,apol5u8,HYP-NADC-11,srv14604,unit1513,EPMFRC111D01_FRC,32,4,16,Prod,Retire 10/30/15,
EPMFRC111D01,epm0202,apol5u8,HYP-NADC-11,srv11613,unit1574,EPMFRC111D01_FRC,32,4,16,Prod,Retire 10/30/15,
EPMFRC111D01,epm0203,apol5u8,HYP-NADC-11,srv14604,unit1624,EPMFRC111D01_FRC,32,4,16,Prod,Retire 10/30/15,
EPMFRC111D01,epm0205,apol5u8,HYP-NADC-11,srv10908,unit1750,EPMFRC111D01_FRC,32,4,16,Prod,Retire 10/30/15,
EPMFRC111D01,epm0206,apol5u8,HYP-NADC-11,srv13215,unit1769,EPMFRC111D01_FRC,32,4,16,Prod,Retire 10/30/15,
EPMFRC111D01,epm0207,apol5u8,HYP-NADC-11,srv13610,unit1778,EPMFRC111D01_FRC,32,4,16,Prod,Retire 10/30/15,
EPMFRC111D01,epm0208,apol5u8,HYP-NADC-11,srv12703,unit1787,EPMFRC111D01_FRC,32,4,16,Prod,Retire 10/30/15,
EPMFRC111D01,epm0209,apol5u8,HYP-NADC-11,srv14002,unit1823,EPMFRC111D01_FRC,32,4,16,Prod,Retire 10/30/15,
EPMFRC111D01,epm0210,apol5u8,HYP-NADC-11,srv10516,unit1877,EPMFRC111D01_FRC,32,4,16,Prod,Retire 10/30/15,
EPMFRC111D01,epm0211,apol5u8,HYP-NADC-11,srv10605,unit1886,EPMFRC111D01_FRC,32,4,16,Prod,Retire 10/30/15,
EPMFRC111D01,epm0230,apol5u8,HYP-NADC-11,srv12714,unit3668,EPMFRC111D01_FRC,32,4,16,Prod,Retire 10/30/15,
EPMFRC111D01,epm0231,apol5u8,HYP-NADC-11,srv10516,unit3669,EPMFRC111D01_FRC,32,4,16,Prod,Retire 10/30/15,
EPMFRC111D01,epm0240,apol5u8,HYP-NADC-11,srv12714,unit3671,EPMFRC111D01_FRC,32,4,16,Prod,Retire 10/30/15,
EPMFRC111D01,epm0245,apol5u8,HYP-NADC-11,srv10516,unit3672,EPMFRC111D01_FRC,32,4,16,Prod,Retire 10/30/15,
EPMFRC111D01,epm0246,apol5u8,HYP-NADC-11,srv14207,unit3673,EPMFRC111D01_FRC,32,4,16,Prod,Retire 10/30/15,
EPMFRC111D01,epm0249,apol5u8,HYP-NADC-11,srv13612,unit3674,EPMFRC111D01_FRC,32,4,16,Prod,Retire 10/30/15,
EPMFRC111D01,epm0250,apol5u8,HYP-NADC-11,srv12714,unit3675,EPMFRC111D01_FRC,32,4,16,Prod,Retire 10/30/15,
EPMFRC111D01,epm0251,apol5u8,HYP-NADC-11,srv14604,unit3676,EPMFRC111D01_FRC,32,4,16,Prod,Retire 10/30/15,
EPMFRC111D01,epm0252,apol5u8,HYP-NADC-11,srv11613,unit3677,EPMFRC111D01_FRC,32,4,16,Prod,Retire 10/30/15,
EPMFRC111D01,epm0253,apol5u8,HYP-NADC-11,srv10113,unit3678,EPMFRC111D01_FRC,32,4,16,Prod,Retire 10/30/15,
EPMFRC111D01,epm0395,apol5u8,HYP-NADC-11,srv13215,unit21179,EPMFRC111D01_FRC,32,4,16,Prod,Retire 10/30/15,
EPMFRC111D01,epm0405,apol5u8,HYP-NADC-11,srv10514,unit21180,EPMFRC111D01_FRC,32,4,16,Prod,Retire 10/30/15,
EPMFRC111D01,epm0424,apol5u8,HYP-NADC-11,srv14202,unit21181,EPMFRC111D01_FRC,32,4,16,Prod,Retire 10/30/15,
EPMFRC111D01,epm0440,apol5u8,HYP-NADC-11,srv13610,unit21182,EPMFRC111D01_FRC,32,4,16,Prod,Retire 10/30/15,
EPMFRC111D01,epm0442,apol5u8,HYP-NADC-11,srv10515,unit21183,EPMFRC111D01_FRC,32,4,16,Prod,Retire 10/30/15,
EPMPBC111D02,epm0014,DomU_ol5u8,HYP-NADC-11,srv10605,unit17558,EPMPBC111D02_PBC,24,4,12,Prod,Y,
EPMPBC111D02,epm0045,DomU_ol5u8,HYP-NADC-11,srv10515,unit14627,EPMPBC111D02_PBC,24,4,12,Prod,Y,
EPMPBC111D02,epm0046,DomU_ol5u8,HYP-NADC-11,srv14604,unit14628,EPMPBC111D02_PBC,24,4,12,Prod,Y,
EPMPBC111D02,epm0052,DomU_ol5u8,HYP-NADC-11,srv10520,unit14629,EPMPBC111D02_PBC,24,4,12,Prod,Y,
EPMPBC111D02,epm0061,DomU_ol5u8,HYP-NADC-11,srv13902,unit24533,EPMPBC111D02_PBC,24,4,12,Prod,Y,
EPMPBC111D02,epm0064,DomU_ol5u8,HYP-NADC-11,srv14202,unit24534,EPMPBC111D02_PBC,24,4,12,Prod,Y,
EPMPBC111D02,epm0066,DomU_ol5u8,HYP-NADC-11,srv12703,unit24535,EPMPBC111D02_PBC,24,4,12,Prod,Y,
EPMPBC111D02,epm0067,DomU_ol5u8,HYP-NADC-11,srv13902,unit24536,EPMPBC111D02_PBC,24,4,12,Prod,Y,
EPMPBC111D02,epm0147,DomU_ol5u8,HYP-NADC-11,srv10514,unit9711,EPMPBC111D02_PBC,24,4,12,Prod,Y,
EPMPBC111D02,epm0148,DomU_ol5u8,HYP-NADC-11,srv10520,unit18445,EPMPBC111D02_PBC,24,4,12,Prod,Y,
EPMPBC111D02,epm0164,DomU_ol5u8,HYP-NADC-11,srv14002,unit18846,EPMPBC111D02_PBC,24,4,12,Prod,Y,
EPMPBC111D02,epm0168,DomU_ol5u8,HYP-NADC-11,srv13902,unit18850,EPMPBC111D02_PBC,24,4,12,Prod,Y,
EPMPBC111D02,epm0225,DomU_ol5u8,TECHBUILD-NADC-01,srv17832,unit24746,EPMPBC111D02_PBC,24,4,12,Prod,Y,
EPMPBC111D02,epm0227,DomU_ol5u8,TECHBUILD-NADC-01,srv12112,unit24747,EPMPBC111D02_PBC,24,4,12,Prod,Y,
EPMPBC111D02,epm0291,DomU_ol5u8,HYP-NADC-11,srv10516,unit20769,EPMPBC111D02_PBC,24,4,12,Prod,Y,
EPMPBC111D02,epm0292,DomU_ol5u8,HYP-NADC-11,srv13610,unit22175,EPMPBC111D02_PBC,24,4,12,Prod,Y,
EPMPBC111D02,epm0293,DomU_ol5u8,HYP-NADC-11,srv12703,unit22176,EPMPBC111D02_PBC,24,4,12,Prod,Y,
EPMPBC111D02,epm0294,DomU_ol5u8,HYP-NADC-11,srv14207,unit22177,EPMPBC111D02_PBC,24,4,12,Prod,Y,
EPMPBC111D02,epm0295,DomU_ol5u8,HYP-NADC-11,srv13102,unit22178,EPMPBC111D02_PBC,24,4,12,Prod,Y,
EPMPBC111D02,epm0296,DomU_ol5u8,HYP-NADC-11,srv13610,unit22179,EPMPBC111D02_PBC,24,4,12,Prod,Y,
EPMPBC111D02,epm0297,DomU_ol5u8,HYP-NADC-11,srv12703,unit22180,EPMPBC111D02_PBC,24,4,12,Prod,Y,
EPMPBC111D02,epm0298,DomU_ol5u8,HYP-NADC-11,srv10908,unit9934,EPMPBC111D02_PBC,24,4,12,Prod,Y,
EPMPBC111D02,epm0299,DomU_ol5u8,HYP-NADC-11,srv13612,unit9935,EPMPBC111D02_PBC,24,4,12,Prod,Y,
EPMPBC111D02,epm0300,DomU_ol5u8,HYP-NADC-11,srv12714,unit9936,EPMPBC111D02_PBC,24,4,12,Prod,Y,
EPMPBC111D02,epm0301,DomU_ol5u8,HYP-NADC-11,srv14002,unit23036,EPMPBC111D02_PBC,24,4,12,Prod,Y,
EPMPBC111D02,epm0302,DomU_ol5u8,HYP-NADC-11,srv14002,unit23037,EPMPBC111D02_PBC,24,4,12,Prod,Y,
EPMPBC111D02,epm0303,DomU_ol5u8,HYP-NADC-11,srv13102,unit23038,EPMPBC111D02_PBC,24,4,12,Prod,Y,
EPMPBC111D02,epm0304,DomU_ol5u8,HYP-NADC-11,srv14207,unit23039,EPMPBC111D02_PBC,24,4,12,Prod,Y,
EPMPBC111D02,epm0305,DomU_ol5u8,HYP-NADC-11,srv14002,unit23040,EPMPBC111D02_PBC,24,4,12,Prod,Y,
EPMPBC111D02,epm0306,DomU_ol5u8,HYP-NADC-11,srv12703,unit23041,EPMPBC111D02_PBC,24,4,12,Prod,Y,
EPMPBC111D02,epm0307,DomU_ol5u8,HYP-NADC-11,srv10514,unit23058,EPMPBC111D02_PBC,24,4,12,Prod,Y,
EPMPBC111D02,epm0308,DomU_ol5u8,HYP-NADC-11,srv10605,unit23059,EPMPBC111D02_PBC,24,4,12,Prod,Y,
EPMPBC111D02,epm0309,DomU_ol5u8,HYP-NADC-11,srv10605,unit23060,EPMPBC111D02_PBC,24,4,12,Prod,Y,
EPMPBC111D02,epm0310,DomU_ol5u8,HYP-NADC-11,srv14202,unit23061,EPMPBC111D02_PBC,24,4,12,Prod,Y,
EPMPBC111D02,epm0311,DomU_ol5u8,HYP-NADC-11,srv10605,unit23108,EPMPBC111D02_PBC,24,4,12,Prod,Y,
EPMPBC111D02,epm0312,DomU_ol5u8,HYP-NADC-11,srv13902,unit23169,EPMPBC111D02_PBC,24,4,12,Prod,Y,
EPMPBC111D02,epm0323,DomU_ol5u8,HYP-NADC-11,srv11613,unit9937,EPMPBC111D02_PBC,24,4,12,Prod,Y,
EPMPBC111D02,epm0329,DomU_ol5u8,HYP-NADC-11,srv10605,unit23346,EPMPBC111D02_PBC,24,4,12,Prod,Y,
EPMPBC111D02,epm0330,DomU_ol5u8,HYP-NADC-11,srv10514,unit23347,EPMPBC111D02_PBC,24,4,12,Prod,Y,
EPMPBC111D02,epm0331,DomU_ol5u8,HYP-NADC-11,srv13902,unit23348,EPMPBC111D02_PBC,24,4,12,Prod,Y,
EPMPBC111D02,epm0332,DomU_ol5u8,HYP-NADC-11,srv13102,unit23349,EPMPBC111D02_PBC,24,4,12,Prod,Y,
EPMPBC111D02,epm0333,DomU_ol5u8,HYP-NADC-11,srv13610,unit23350,EPMPBC111D02_PBC,24,4,12,Prod,Y,
EPMPBC111D02,epm0334,DomU_ol5u8,HYP-NADC-11,srv10618,unit23355,EPMPBC111D02_PBC,24,4,12,Prod,Y,
EPMPBC111D02,epm0335,DomU_ol5u8,HYP-NADC-11,srv10515,unit23356,EPMPBC111D02_PBC,24,4,12,Prod,Y,
EPMPBC111D02,epm0336,DomU_ol5u8,HYP-NADC-11,srv13610,unit23361,EPMPBC111D02_PBC,24,4,12,Prod,Y,
EPMPBC111D02,epm0337,DomU_ol5u8,HYP-NADC-11,srv10516,unit9956,EPMPBC111D02_PBC,24,4,12,Prod,Y,
EPMPBC111D02,epm0338,DomU_ol5u8,HYP-NADC-11,srv14202,unit23382,EPMPBC111D02_PBC,24,4,12,Prod,Y,
EPMPBC111D02,epm0339,DomU_ol5u8,HYP-NADC-11,srv10605,unit23383,EPMPBC111D02_PBC,24,4,12,Prod,Y,
EPMPBC111D02,epm0340,DomU_ol5u8,HYP-NADC-11,srv13610,unit23384,EPMPBC111D02_PBC,24,4,12,Prod,Y,
EPMPBC111D02,epm0341,DomU_ol5u8,HYP-NADC-11,srv14002,unit9957,EPMPBC111D02_PBC,24,4,12,Prod,Y,
EPMPBC111D02,epm0342,DomU_ol5u8,HYP-NADC-11,srv14604,unit9958,EPMPBC111D02_PBC,24,4,12,Prod,Y,
EPMPBC111D02,epm0343,DomU_ol5u8,HYP-NADC-11,srv12703,unit23391,EPMPBC111D02_PBC,24,4,12,Prod,Y,
EPMPBC111D02,epm0344,DomU_ol5u8,HYP-NADC-11,srv12703,unit9959,EPMPBC111D02_PBC,24,4,12,Prod,Y,
EPMPBC111D02,epm0345,DomU_ol5u8,HYP-NADC-11,srv10515,unit23397,EPMPBC111D02_PBC,24,4,12,Prod,Y,
EPMPBC111D02,epm0346,DomU_ol5u8,HYP-NADC-11,srv13610,unit23398,EPMPBC111D02_PBC,24,4,12,Prod,Y,
EPMPBC111D02,epm0347,DomU_ol5u8,HYP-NADC-11,srv11613,unit23404,EPMPBC111D02_PBC,24,4,12,Prod,Y,
EPMPBC111D02,epm0348,DomU_ol5u8,HYP-NADC-11,srv11613,unit23405,EPMPBC111D02_PBC,24,4,12,Prod,Y,
EPMPBC111D02,epm0349,DomU_ol5u8,HYP-NADC-11,srv10605,unit23406,EPMPBC111D02_PBC,24,4,12,Prod,Y,
EPMPBC111D02,epm0350,DomU_ol5u8,HYP-NADC-11,srv13610,unit23417,EPMPBC111D02_PBC,24,4,12,Prod,Y,
EPMPBC111D02,epm0351,DomU_ol5u8,HYP-NADC-11,srv13902,unit23418,EPMPBC111D02_PBC,24,4,12,Prod,Y,
EPMPBC111D02,epm0352,DomU_ol5u8,HYP-NADC-11,srv14202,unit23419,EPMPBC111D02_PBC,24,4,12,Prod,Y,
EPMPBC111D02,epm0354,DomU_ol5u8,HYP-NADC-11,srv10515,unit23513,EPMPBC111D02_PBC,24,4,12,Prod,Y,
EPMPBC111D02,epm0355,DomU_ol5u8,HYP-NADC-11,srv14604,unit23514,EPMPBC111D02_PBC,24,4,12,Prod,Y,
EPMPBC111D02,epm0356,DomU_ol5u8,HYP-NADC-11,srv14002,unit23515,EPMPBC111D02_PBC,24,4,12,Prod,Y,
EPMPBC111D02,epm0357,DomU_ol5u8,HYP-NADC-11,srv14002,unit23516,EPMPBC111D02_PBC,24,4,12,Prod,Y,
EPMPBC111D02,epm0358,DomU_ol5u8,HYP-NADC-11,srv13102,unit23517,EPMPBC111D02_PBC,24,4,12,Prod,Y,
EPMPBC111D02,epm0359,DomU_ol5u8,HYP-NADC-11,srv12703,unit23518,EPMPBC111D02_PBC,24,4,12,Prod,Y,
EPMPBC111D02,epm0360,DomU_ol5u8,HYP-NADC-11,srv12703,unit23519,EPMPBC111D02_PBC,24,4,12,Prod,Y,
EPMPBC111D02,epm0361,DomU_ol5u8,HYP-NADC-11,srv10514,unit23520,EPMPBC111D02_PBC,24,4,12,Prod,Y,
EPMPBC111D02,epm0362,DomU_ol5u8,HYP-NADC-11,srv10514,unit23521,EPMPBC111D02_PBC,24,4,12,Prod,Y,
EPMPBC111D02,epm0363,DomU_ol5u8,HYP-NADC-11,srv11613,unit23522,EPMPBC111D02_PBC,24,4,12,Prod,Y,
EPMPBC111D02,epm0364,DomU_ol5u8,HYP-NADC-11,srv11613,unit23523,EPMPBC111D02_PBC,24,4,12,Prod,Y,
EPMPBC111D02,epm0371,DomU_ol5u8,HYP-NADC-11,srv12714,unit9966,EPMPBC111D02_PBC,24,4,12,Prod,Y,
EPMPBC111D02,epm0373,DomU_ol5u8,HYP-NADC-11,srv10514,unit23613,EPMPBC111D02_PBC,24,4,12,Prod,Y,
EPMPBC111D02,epm0375,DomU_ol5u8,HYP-NADC-11,srv12703,unit23621,EPMPBC111D02_PBC,24,4,12,Prod,Y,
EPMPBC111D02,epm0379,DomU_ol5u8,HYP-NADC-11,srv10605,unit9967,EPMPBC111D02_PBC,24,4,12,Prod,Y,
EPMPBC111D02,epm0382,DomU_ol5u8,HYP-NADC-11,srv10515,unit23628,EPMPBC111D02_PBC,24,4,12,Prod,Y,
EPMPBC111D02,epm0383,DomU_ol5u8,HYP-NADC-11,srv11613,unit23629,EPMPBC111D02_PBC,24,4,12,Prod,Y,
EPMPBC111D02,epm0384,DomU_ol5u8,HYP-NADC-11,srv10514,unit23630,EPMPBC111D02_PBC,24,4,12,Prod,Y,
EPMPBC111D02,epm0390,DomU_ol5u8,HYP-NADC-11,srv10520,unit23887,EPMPBC111D02_PBC,24,4,12,Prod,Y,
EPMPBC111D02,epm0391,DomU_ol5u8,HYP-NADC-11,srv13610,unit23895,EPMPBC111D02_PBC,24,4,12,Prod,Y,
EPMPBC111D02,epm0397,DomU_ol5u8,HYP-NADC-11,srv10514,unit24035,EPMPBC111D02_PBC,24,4,12,Prod,Y,
EPMPBC111D02,epm0398,DomU_ol5u8,HYP-NADC-11,srv12703,unit24036,EPMPBC111D02_PBC,24,4,12,Prod,Y,
EPMPBC111D02,epm0399,DomU_ol5u8,HYP-NADC-11,srv12012,unit24037,EPMPBC111D02_PBC,24,4,12,Prod,Y,
EPMPBC111D02,epm0400,DomU_ol5u8,HYP-NADC-11,srv11613,unit24038,EPMPBC111D02_PBC,24,4,12,Prod,Y,
EPMPBC111D02,epm0407,DomU_ol5u8,HYP-NADC-11,srv10520,unit24071,EPMPBC111D02_PBC,24,4,12,Prod,Y,
EPMPBC111D02,epm0409,DomU_ol5u8,HYP-NADC-11,srv13902,unit24136,EPMPBC111D02_PBC,24,4,12,Prod,Y,
EPMPBC111D02,epm0410,DomU_ol5u8,HYP-NADC-11,srv14202,unit24137,EPMPBC111D02_PBC,24,4,12,Prod,Y,
EPMPBC111D02,epm0411,DomU_ol5u8,HYP-NADC-11,srv10605,unit16934,EPMPBC111D02_PBC,24,4,12,Prod,Y,
EPMPBC111D02,epm0412,DomU_ol5u8,HYP-NADC-11,srv12703,unit16935,EPMPBC111D02_PBC,24,4,12,Prod,Y,
EPMPBC111D02,epm0413,DomU_ol5u8,HYP-NADC-11,srv12703,unit16936,EPMPBC111D02_PBC,24,4,12,Prod,Y,
EPMPBC111D02,epm0414,DomU_ol5u8,HYP-NADC-11,srv10520,unit16937,EPMPBC111D02_PBC,24,4,12,Prod,Y,
EPMPBC111D02,epm0418,DomU_ol5u8,HYP-NADC-11,srv12012,unit16941,EPMPBC111D02_PBC,24,4,12,Prod,Y,
EPMPBC111D02,epm0428,DomU_ol5u8,HYP-NADC-11,srv14002,unit20793,EPMPBC111D02_PBC,24,4,12,Prod,Y,
EPMPBC111D02,epm0429,DomU_ol5u8,HYP-NADC-11,srv10520,unit20794,EPMPBC111D02_PBC,24,4,12,Prod,Y,
EPMPBC111D02,epm0430,DomU_ol5u8,HYP-NADC-11,srv11613,unit20795,EPMPBC111D02_PBC,24,4,12,Prod,Y,
EPMPBC111D02,epm0431,DomU_ol5u8,HYP-NADC-11,srv10514,unit18349,EPMPBC111D02_PBC,24,4,12,Prod,Y,
EPMPBC111D03,epm0054,apol5u8,TECHBUILD-NADC-01,srv14503,unit23996,EPMPBC111D03_PBC,24,4,12,Dev,N,
EPMPBC111D03,epm0060,apol5u8,TECHBUILD-NADC-01,srv12112,unit23997,EPMPBC111D03_PBC,24,4,12,Dev,N,
EPMSTD111D10,epm0033,Windows 2008 R2 Standard (64),HYP-NADC-11,srv10515,unit4756,EPMSTD111D10_EPM,48,4,24,Prod,N,Windows no EM
EPMSTD111D10,epm0043,Windows 2008 R2 Standard (64),HYP-NADC-11,srv10515,unit14595,EPMSTD111D10_EPM,48,4,24,Prod,N,Windows no EM
EPMSTD111D10,epm0059,Windows 2008 R2 Standard (64),HYP-NADC-11,srv13610,unit17180,EPMSTD111D10_EPM,48,4,24,Prod,N,Windows no EM
EPMSTD111D10,epm0314,Windows 2008 R2 Standard (64),HYP-NADC-11,srv13610,unit23201,EPMSTD111D10_EPM,48,4,24,Prod,N,Windows no EM
EPMSTD111D10,epm0317,Windows 2008 R2 Standard (64),HYP-NADC-11,srv10515,unit23204,EPMSTD111D10_EPM,48,4,24,Prod,N,Windows no EM
EPMSTD111D10,epm0374,Windows 2008 R2 Standard (64),HYP-NADC-11,srv13215,unit23620,EPMSTD111D10_EPM,48,4,24,Prod,N,Windows no EM
EPMSTD111D10,epm0377,Windows 2008 R2 Standard (64),HYP-NADC-11,srv10605,unit23623,EPMSTD111D10_EPM,48,4,24,Prod,N,Windows no EM
EPMSTD111D10,epm0378,Windows 2008 R2 Standard (64),HYP-NADC-11,srv10520,unit23624,EPMSTD111D10_EPM,48,4,24,Prod,N,Windows no EM
EPMSTD111D10,epm0394,Windows 2008 R2 Standard (64),HYP-NADC-11,srv14207,unit23947,EPMSTD111D10_EPM,48,4,24,Prod,N,Windows no EM
EPMSTD111D10,epm0401,Windows 2008 R2 Standard (64),HYP-NADC-11,srv10515,unit23607,EPMSTD111D10_EPM,48,4,24,Prod,N,Windows no EM
EPMSTD111D10,epm0402,Windows 2008 R2 Standard (64),HYP-NADC-11,srv13102,unit24045,EPMSTD111D10_EPM,48,4,24,Prod,N,Windows no EM
EPMSTD111D10,epm0403,Windows 2008 R2 Standard (64),HYP-NADC-11,srv13610,unit24046,EPMSTD111D10_EPM,48,4,24,Prod,N,Windows no EM
EPMSTD111D10,epm0404,Windows 2008 R2 Standard (64),HYP-NADC-11,srv14207,unit24049,EPMSTD111D10_EPM,48,4,24,Prod,N,Windows no EM
EPMSTD111D10,epm0406,Windows 2008 R2 Standard (64),HYP-NADC-11,srv12703,unit24051,EPMSTD111D10_EPM,48,4,24,Prod,N,Windows no EM
EPMSTD111D10,epm0432,Windows 2008 R2 Standard (64),HYP-NADC-11,srv10516,unit20801,EPMSTD111D10_EPM,48,4,24,Prod,N,Windows no EM
EPMSTD111D10,epm0435,Windows 2008 R2 Standard (64),HYP-NADC-11,srv12012,unit24215,EPMSTD111D10_EPM,48,4,24,Prod,N,Windows no EM
EPMSTD111D11,epm0017,Win2008r2_a,HYP-NADC-11,srv13902,unit24851,EPMSTD111D11_EPM,64,6,32,Prod,N,Windows no EM
EPMSTD111D11,epm0018,Win2008r2_a,HYP-NADC-11,srv10514,unit24852,EPMSTD111D11_EPM,64,6,32,Prod,N,Windows no EM
EPMSTD111D11,epm0019,Win2008r2_a,HYP-NADC-11,srv10516,unit24853,EPMSTD111D11_EPM,64,6,32,Prod,N,Windows no EM
EPMSTD111D11,epm0023,Win2008r2_a,HYP-NADC-11,srv10113,unit24854,EPMSTD111D11_EPM,64,6,32,Prod,N,Windows no EM
EPMSTD111D11,epm0039,Win2008r2_a,HYP-NADC-11,srv10605,unit17204,EPMSTD111D11_EPM,64,6,32,Prod,N,Windows no EM
EPMSTD111D11,epm0040,Win2008r2_a,HYP-NADC-11,srv11613,unit24894,EPMSTD111D11_EPM,64,6,32,Prod,N,Windows no EM
EPMSTD111D11,epm0041,Win2008r2_a,HYP-NADC-11,srv12012,unit4897,EPMSTD111D11_EPM,64,6,32,Prod,N,Windows no EM
EPMSTD111D11,epm0104,Win2008r2_a,HYP-NADC-11,srv13612,unit5510,EPMSTD111D11_EPM,64,6,32,Prod,N,Windows no EM
EPMSTD111D11,epm0105,Win2008r2_a,HYP-NADC-11,srv10908,unit5511,EPMSTD111D11_EPM,64,6,32,Prod,N,Windows no EM
EPMSTD111D11,epm0106,Win2008r2_a,HYP-NADC-11,srv10618,unit5512,EPMSTD111D11_EPM,64,6,32,Prod,N,Windows no EM
EPMSTD111D11,epm0107,Win2008r2_a,HYP-NADC-11,srv12714,unit5727,EPMSTD111D11_EPM,64,6,32,Prod,N,Windows no EM
EPMSTD111D11,epm0108,Win2008r2_a,HYP-NADC-11,srv13215,unit5728,EPMSTD111D11_EPM,64,6,32,Prod,N,Windows no EM
EPMSTD111D11,epm0109,Win2008r2_a,HYP-NADC-11,srv10514,unit5733,EPMSTD111D11_EPM,64,6,32,Prod,N,Windows no EM
EPMSTD111D11,epm0110,Win2008r2_a,HYP-NADC-11,srv13102,unit5762,EPMSTD111D11_EPM,64,6,32,Prod,N,Windows no EM
EPMSTD111D11,epm0112,Win2008r2_a,HYP-NADC-11,srv10516,unit5763,EPMSTD111D11_EPM,64,6,32,Prod,N,Windows no EM
EPMSTD111D11,epm0113,Win2008r2_a,HYP-NADC-11,srv10618,unit5964,EPMSTD111D11_EPM,64,6,32,Prod,N,Windows no EM
EPMSTD111D11,epm0114,Win2008r2_a,HYP-NADC-11,srv11301,unit5965,EPMSTD111D11_EPM,64,6,32,Prod,N,Windows no EM
EPMSTD111D11,epm0115,Win2008r2_a,HYP-NADC-11,srv14909,unit5966,EPMSTD111D11_EPM,64,6,32,Prod,N,Windows no EM
EPMSTD111D11,epm0116,Win2008r2_a,HYP-NADC-11,srv13215,unit5768,EPMSTD111D11_EPM,64,6,32,Prod,N,Windows no EM
EPMSTD111D11,epm0117,Win2008r2_a,HYP-NADC-11,srv13612,unit5790,EPMSTD111D11_EPM,64,6,32,Prod,N,Windows no EM
EPMSTD111D11,epm0118,Win2008r2_a,HYP-NADC-11,srv10515,unit6019,EPMSTD111D11_EPM,64,6,32,Prod,N,Windows no EM
EPMSTD111D11,epm0119,Win2008r2_a,HYP-NADC-11,srv13215,unit6021,EPMSTD111D11_EPM,64,6,32,Prod,N,Windows no EM
EPMSTD111D11,epm0120,Win2008r2_a,HYP-NADC-11,srv13612,unit6195,EPMSTD111D11_EPM,64,6,32,Prod,N,Windows no EM
EPMSTD111D11,epm0121,Win2008r2_a,HYP-NADC-11,srv12714,unit6205,EPMSTD111D11_EPM,64,6,32,Prod,N,Windows no EM
EPMSTD111D11,epm0122,Win2008r2_a,HYP-NADC-11,srv10908,unit6207,EPMSTD111D11_EPM,64,6,32,Prod,N,Windows no EM
EPMSTD111D11,epm0123,Win2008r2_a,HYP-NADC-11,srv10618,unit6296,EPMSTD111D11_EPM,64,6,32,Prod,N,Windows no EM
EPMSTD111D11,epm0124,Win2008r2_a,HYP-NADC-11,srv10113,unit6402,EPMSTD111D11_EPM,64,6,32,Prod,N,Windows no EM
EPMSTD111D11,epm0125,Win2008r2_a,HYP-NADC-11,srv14909,unit7025,EPMSTD111D11_EPM,64,6,32,Prod,N,Windows no EM
EPMSTD111D11,epm0126,Win2008r2_a,HYP-NADC-11,srv14002,unit7136,EPMSTD111D11_EPM,64,6,32,Prod,N,Windows no EM
EPMSTD111D11,epm0127,Win2008r2_a,HYP-NADC-11,srv11301,unit7137,EPMSTD111D11_EPM,64,6,32,Prod,N,Windows no EM
EPMSTD111D11,epm0128,Win2008r2_a,HYP-NADC-11,srv11613,unit7138,EPMSTD111D11_EPM,64,6,32,Prod,N,Windows no EM
EPMSTD111D11,epm0129,Win2008r2_a,HYP-NADC-11,srv12012,unit7345,EPMSTD111D11_EPM,64,6,32,Prod,N,Windows no EM
EPMSTD111D11,epm0130,Win2008r2_a,HYP-NADC-11,srv12012,unit14751,EPMSTD111D11_EPM,64,6,32,Prod,N,Windows no EM
EPMSTD111D11,epm0131,Win2008r2_a,HYP-NADC-11,srv13612,unit14752,EPMSTD111D11_EPM,64,6,32,Prod,N,Windows no EM
EPMSTD111D11,epm0132,Win2008r2_a,HYP-NADC-11,srv11301,unit15528,EPMSTD111D11_EPM,64,6,32,Prod,N,Windows no EM
EPMSTD111D11,epm0133,Win2008r2_a,HYP-NADC-11,srv10516,unit15529,EPMSTD111D11_EPM,64,6,32,Prod,N,Windows no EM
EPMSTD111D11,epm0134,Win2008r2_a,HYP-NADC-11,srv10520,unit15530,EPMSTD111D11_EPM,64,6,32,Prod,N,Windows no EM
EPMSTD111D11,epm0135,Win2008r2_a,HYP-NADC-11,srv13215,unit15531,EPMSTD111D11_EPM,64,6,32,Prod,N,Windows no EM
EPMSTD111D11,epm0136,Win2008r2_a,HYP-NADC-11,srv12012,unit15760,EPMSTD111D11_EPM,64,6,32,Prod,N,Windows no EM
EPMSTD111D11,epm0137,Win2008r2_a,HYP-NADC-11,srv14002,unit15761,EPMSTD111D11_EPM,64,6,32,Prod,N,Windows no EM
EPMSTD111D11,epm0138,Win2008r2_a,HYP-NADC-11,srv10908,unit15762,EPMSTD111D11_EPM,64,6,32,Prod,N,Windows no EM
EPMSTD111D11,epm0139,Win2008r2_a,HYP-NADC-11,srv13102,unit15763,EPMSTD111D11_EPM,64,6,32,Prod,N,Windows no EM
EPMSTD111D11,epm0140,Win2008r2_a,HYP-NADC-11,srv10516,unit16731,EPMSTD111D11_EPM,64,6,32,Prod,N,Windows no EM
EPMSTD111D11,epm0141,Win2008r2_a,HYP-NADC-11,srv13102,unit16758,EPMSTD111D11_EPM,64,6,32,Prod,N,Windows no EM
EPMSTD111D11,epm0142,Win2008r2_a,HYP-NADC-11,srv10520,unit17805,EPMSTD111D11_EPM,64,6,32,Prod,N,Windows no EM
EPMSTD111D11,epm0143,Win2008r2_a,HYP-NADC-11,srv10618,unit17806,EPMSTD111D11_EPM,64,6,32,Prod,N,Windows no EM
EPMSTD111D11,epm0149,Win2008r2_a,HYP-NADC-11,srv10908,unit18880,EPMSTD111D11_EPM,64,6,32,Prod,N,Windows no EM
EPMSTD111D11,epm0151,Win2008r2_a,HYP-NADC-11,srv13612,unit19235,EPMSTD111D11_EPM,64,6,32,Prod,N,Windows no EM
EPMSTD111D11,epm0152,Win2008r2_a,HYP-NADC-11,srv12714,unit19255,EPMSTD111D11_EPM,64,6,32,Prod,N,Windows no EM
EPMSTD111D11,epm0157,Win2008r2_a,HYP-NADC-11,srv10113,unit20319,EPMSTD111D11_EPM,64,6,32,Prod,N,Windows no EM
EPMSTD111D11,epm0158,Win2008r2_a,HYP-NADC-11,srv10113,unit20320,EPMSTD111D11_EPM,64,6,32,Prod,N,Windows no EM
EPMSTD111D11,epm0159,Win2008r2_a,HYP-NADC-11,srv13215,unit20339,EPMSTD111D11_EPM,64,6,32,Prod,N,Windows no EM
EPMSTD111D11,epm0165,Win2008r2_a,HYP-NADC-11,srv12714,unit0276,EPMSTD111D11_EPM,64,6,32,Prod,N,Windows no EM
EPMSTD111D11,epm0166,Win2008r2_a,HYP-NADC-11,srv10113,unit0321,EPMSTD111D11_EPM,64,6,32,Prod,N,Windows no EM
EPMSTD111D11,epm0178,Win2008r2_a,HYP-NADC-11,srv10618,unit0459,EPMSTD111D11_EPM,64,6,32,Prod,N,Windows no EM
EPMSTD111D11,epm0179,Win2008r2_a,HYP-NADC-11,srv14604,unit0460,EPMSTD111D11_EPM,64,6,32,Prod,N,Windows no EM
EPMSTD111D11,epm0180,Win2008r2_a,HYP-NADC-11,srv10908,unit0461,EPMSTD111D11_EPM,64,6,32,Prod,N,Windows no EM
EPMSTD111D11,epm0185,Win2008r2_a,HYP-NADC-11,srv10113,unit0468,EPMSTD111D11_EPM,64,6,32,Prod,N,Windows no EM
EPMSTD111D11,epm0186,Win2008r2_a,HYP-NADC-11,srv10618,unit0469,EPMSTD111D11_EPM,64,6,32,Prod,N,Windows no EM
EPMSTD111D11,epm0188,Win2008r2_a,HYP-NADC-11,srv13610,unit1369,EPMSTD111D11_EPM,64,6,32,Prod,N,Windows no EM
EPMSTD111D11,epm0189,Win2008r2_a,HYP-NADC-11,srv10605,unit1385,EPMSTD111D11_EPM,64,6,32,Prod,N,Windows no EM
EPMSTD111D11,epm0190,Win2008r2_a,FUSION-NADC-12,srv13615,unit1386,EPMSTD111D11_EPM,64,6,32,Prod,N,Windows no EM
EPMSTD111D11,epm0192,Win2008r2_a,HYP-NADC-11,srv10908,unit1399,EPMSTD111D11_EPM,64,6,32,Prod,N,Windows no EM
EPMSTD111D11,epm0193,Win2008r2_a,HYP-NADC-11,srv14909,unit1407,EPMSTD111D11_EPM,64,6,32,Prod,N,Windows no EM
EPMSTD111D11,epm0228,Win2008r2_a,HYP-NADC-11,srv10113,unit3666,EPMSTD111D11_EPM,64,6,32,Prod,N,Windows no EM
EPMSTD111D11,epm0234,Win2008r2_a,HYP-NADC-11,srv14202,unit3670,EPMSTD111D11_EPM,64,6,32,Prod,N,Windows no EM
EPMSTD111D11,epm0255,Win2008r2_a,HYP-NADC-11,srv13902,unit3679,EPMSTD111D11_EPM,64,6,32,Prod,N,Windows no EM
EPMSTD111D11,epm0256,Win2008r2_a,HYP-NADC-11,srv14909,unit3695,EPMSTD111D11_EPM,64,6,32,Prod,N,Windows no EM
EPMSTD111D11,epm0258,Win2008r2_a,HYP-NADC-11,srv11301,unit3696,EPMSTD111D11_EPM,64,6,32,Prod,N,Windows no EM
EPMSTD111D11,epm0288,Win2008r2_a,HYP-NADC-11,srv12703,unit9899,EPMSTD111D11_EPM,64,6,32,Prod,N,Windows no EM
EPMSTD111D11,epm0389,Win2008r2_a,HYP-NADC-11,srv12012,unit18971,EPMSTD111D11_EPM,64,6,32,Prod,N,Windows no EM
EPMSTD111D11,epm0420,Win2008r2_a,HYP-NADC-11,srv11301,unit18986,EPMSTD111D11_EPM,64,6,32,Prod,N,Windows no EM
EPMSTD111D11,epm0423,Win2008r2_a,HYP-NADC-11,srv13102,unit19646,EPMSTD111D11_EPM,64,6,32,Prod,N,Windows no EM
EPMSTD111D12,epm0144,Win2008r2_a,TECHBUILD-NADC-01,srv10915,unit18735,EPMSTD111D12_EPM,64,6,32,Dev,N,Windows no EM
EPMSTD111D12,epm0145,Win2008r2_a,TECHBUILD-NADC-01,srv10915,unit18736,EPMSTD111D12_EPM,64,6,32,Dev,N,Windows no EM
EPMSTD111D12,epm0150,Win2008r2_a,TECHBUILD-NADC-01,srv12302,unit18881,EPMSTD111D12_EPM,64,6,32,Dev,N,Windows no EM
EPMSTD111D12,epm0153,Win2008r2_a,TECHBUILD-NADC-01,srv12112,unit19966,EPMSTD111D12_EPM,64,6,32,Dev,N,Windows no EM
EPMSTD111D12,epm0154,Win2008r2_a,TECHBUILD-NADC-01,srv17832,unit20311,EPMSTD111D12_EPM,64,6,32,Dev,N,Windows no EM
EPMSTD111D12,epm0155,Win2008r2_a,TECHBUILD-NADC-01,srv12302,unit20313,EPMSTD111D12_EPM,64,6,32,Dev,N,Windows no EM
EPMSTD111D12,epm0156,Win2008r2_a,TECHBUILD-NADC-01,srv10915,unit20314,EPMSTD111D12_EPM,64,6,32,Dev,N,Windows no EM
EPMSTD111D12,epm0160,Win2008r2_a,TECHBUILD-NADC-01,srv17930,unit20341,EPMSTD111D12_EPM,64,6,32,Dev,N,Windows no EM
EPMSTD111D12,epm0161,Win2008r2_a,TECHBUILD-NADC-01,srv12302,unit20342,EPMSTD111D12_EPM,64,6,32,Dev,N,Windows no EM
EPMSTD111D12,epm0162,Win2008r2_a,TECHBUILD-NADC-01,srv14508,unit20433,EPMSTD111D12_EPM,64,6,32,Dev,N,Windows no EM
IDMOMS112D02,idm0003,apol5u8,TECHPROD-NADC-01,srv14408,unit20814,IDMOMS112D02_WCS,48,4,24,Dev,N,Used as Test/Dev
IDMSOD111D06,idm0001,apol6u4,TECHBUILD-NADC-01,srv17832,unit20763,IDMSOD111D06_IAM,48,4,24,Dev,N,
IDMSOD111D06,idm0002,apol6u4,TECHPROD-NADC-01,srv13410,unit20764,IDMSOD111D06_IAM,48,4,24,Dev,N,
LABPLTD01,lab0002,Win2008r2_a,GSELABS-NADC-01,srv12205,unit19970,LABPLTD01_WTL,12,2,6,Dev,N,Windows no EM
LABPLTD01,lab0002,apol5u8,GSELABS-NADC-01,srv12205,unit19969,LABPLTD01_PLT,48,4,24,Dev,N,
LABPLTD01,lab0003,Win2008r2_a,GSELABS-NADC-01,srv12205,unit20124,LABPLTD01_WTL,12,2,6,Dev,N,Windows no EM
LABPLTD01,lab0003,apol5u8,GSELABS-NADC-01,srv12205,unit20123,LABPLTD01_PLT,48,4,24,Dev,N,
LABPLTD01,lab0004,Win2008r2_a,GSELABS-NADC-01,srv12205,unit20156,LABPLTD01_WTL,12,2,6,Dev,N,Windows no EM
LABPLTD01,lab0004,apol5u8,GSELABS-NADC-01,srv12205,unit20154,LABPLTD01_PLT,48,4,24,Dev,N,
LABPLTD01,lab0005,Win2008r2_a,GSELABS-NADC-01,srv12205,unit20168,LABPLTD01_WTL,12,2,6,Dev,N,Windows no EM
LABPLTD01,lab0005,apol5u8,GSELABS-NADC-01,srv12205,unit20167,LABPLTD01_PLT,48,4,24,Dev,N,
LABPLTD01,lab0006,Win2008r2_a,GSELABS-NADC-01,srv12205,unit20170,LABPLTD01_WTL,12,2,6,Dev,N,Windows no EM
LABPLTD01,lab0006,apol5u8,GSELABS-NADC-01,srv12205,unit20169,LABPLTD01_PLT,48,4,24,Dev,N,
OBIBIS111D05,obi00172,Windows 2008 R2 Standard (64) - v2,SBL-NADC-11,srv14907,unit17146,OBIBIS111D05_BIT,6,2,3,Prod,Retire 12/31/2015,Windows no EM
OBIBIS111D05,obi00172,apol5u10,TECHPROD-NADC-01,srv11515,unit4566,OBIBIS111D05_BIS,24,4,12,Prod,Retire 12/31/2015,
OBIBIS111D05,obi0113,Windows 2008 R2 Standard (64) - v2,TECHPROD-NADC-01,srv14805,unit4356,OBIBIS111D05_BIT,6,2,3,Prod,Retire 12/31/2015,Windows no EM
OBIBIS111D05,obi0113,apol5u10,TECHPROD-NADC-01,srv14805,unit4355,OBIBIS111D05_BIS,24,4,12,Prod,Retire 12/31/2015,
OBIBIS111D05,obi0127,Windows 2008 R2 Standard (64) - v2,TECHPROD-NADC-01,srv14709,unit1458,OBIBIS111D05_BIT,6,2,3,Prod,Retire 12/31/2015,Windows no EM
OBIBIS111D05,obi0127,apol5u10,TECHPROD-NADC-01,srv14709,unit1457,OBIBIS111D05_BIS,24,4,12,Prod,Retire 12/31/2015,
OBIBIS111D05,obi0129,Windows 2008 R2 Standard (64) - v2,TECHPROD-NADC-01,srv14709,unit1717,OBIBIS111D05_BIT,6,2,3,Prod,Retire 12/31/2015,Windows no EM
OBIBIS111D05,obi0129,apol5u10,TECHPROD-NADC-01,srv14709,unit1635,OBIBIS111D05_BIS,24,4,12,Prod,Retire 12/31/2015,
OBIBIS111D05,obi0171,Win2008r2_a,TECHPROD-NADC-01,srv14805,unit17129,OBIBIS111D05_BIT,6,2,3,Prod,Retire 12/31/2015,Windows no EM
OBIBIS111D05,obi0171,apol5u10,TECHPROD-NADC-01,srv14709,unit17128,OBIBIS111D05_BIS,24,4,12,Prod,Retire 12/31/2015,
OBIBIS111D05,obi0242,Windows 2008 R2 Standard (64),ADMIN-NADC-11,srv12216,unit24025,OBIBIS111D05_BIT,6,2,3,Prod,Retire 12/31/2015,Windows no EM
OBIBIS111D05,obi0242,apol5u8,ADMIN-NADC-11,srv12216,unit24024,OBIBIS111D05_BIS,24,4,12,Prod,Retire 12/31/2015,
OBIBIS111D05,obi0273,Windows 2008 R2 Standard (64) - v2,TECHPROD-NADC-01,srv14409,unit0075,OBIBIS111D05_BIT,6,2,3,Prod,Retire 12/31/2015,Windows no EM
OBIBIS111D05,obi0273,apol5u10,TECHPROD-NADC-01,srv14409,unit0065,OBIBIS111D05_BIS,24,4,12,Prod,Retire 12/31/2015,
OBIBIS111D06,obi00145,Windows 2008 R2 Standard (64) - v2,TECHPROD-NADC-01,srv10610,unit7504,OBIBIS111D06_BIT,6,2,3,Prod,Retire 12/31/2015,Windows no EM
OBIBIS111D06,obi00145,apol5u10,TECHPROD-NADC-01,srv10610,unit7503,OBIBIS111D06_BIS,24,4,12,Prod,Retire 12/31/2015,
OBIBIS111D06,obi00188,Windows 2008 R2 Standard (64) - v2,TECHPROD-NADC-01,srv11313,unit6113,OBIBIS111D06_BIT,6,2,3,Prod,Retire 12/31/2015,Windows no EM
OBIBIS111D06,obi00188,apol5u10,TECHPROD-NADC-01,srv12005,unit6112,OBIBIS111D06_BIS,24,4,12,Prod,Retire 12/31/2015,
OBIBIS111D06,obi0123,Windows 2008 R2 Standard (64) - v2,TECHPROD-NADC-01,srv14414,unit1331,OBIBIS111D06_BIT,6,2,3,Prod,Retire 12/31/2015,Windows no EM
OBIBIS111D06,obi0123,apol5u10,TECHPROD-NADC-01,srv10903,unit1330,OBIBIS111D06_BIS,24,4,12,Prod,Retire 12/31/2015,
OBIBIS111D06,obi0190,Windows 2008 R2 Standard (64) - v2,TECHPROD-NADC-01,srv12002,unit19227,OBIBIS111D06_BIT,6,2,3,Prod,Retire 12/31/2015,Windows no EM
OBIBIS111D06,obi0190,apol5u10,TECHPROD-NADC-01,srv10903,unit19226,OBIBIS111D06_BIS,24,4,12,Prod,Retire 12/31/2015,
OBIBIS111D06,obi0196,Windows 2008 R2 Standard (64) - v2,TECHPROD-NADC-01,srv10319,unit5098,OBIBIS111D06_BIT,6,2,3,Prod,Retire 12/31/2015,Windows no EM
OBIBIS111D06,obi0196,apol5u10,TECHPROD-NADC-01,srv11812,unit4931,OBIBIS111D06_BIS,24,4,12,Prod,Retire 12/31/2015,
OBIBIS111D06,obi0197,Windows 2008 R2 Standard (64) - v2,TECHPROD-NADC-01,srv10319,unit5172,OBIBIS111D06_BIT,6,2,3,Prod,Retire 12/31/2015,Windows no EM
OBIBIS111D06,obi0197,apol5u10,TECHPROD-NADC-01,srv10610,unit5171,OBIBIS111D06_BIS,24,4,12,Prod,Retire 12/31/2015,
OBIBIS111D06,obi0203,Windows 2008 R2 Standard (64) - v2,TECHPROD-NADC-01,srv10319,unit19455,OBIBIS111D06_BIT,6,2,3,Prod,Retire 12/31/2015,Windows no EM
OBIBIS111D06,obi0203,apol5u10,TECHPROD-NADC-01,srv10319,unit19454,OBIBIS111D06_BIS,24,4,12,Prod,Retire 12/31/2015,
OBIBIS111D06,obi0204,Windows 2008 R2 Standard (64) - v2,TECHPROD-NADC-01,srv13703,unit19457,OBIBIS111D06_BIT,6,2,3,Prod,Retire 12/31/2015,Windows no EM
OBIBIS111D06,obi0204,apol5u10,TECHPROD-NADC-01,srv11812,unit19456,OBIBIS111D06_BIS,24,4,12,Prod,Retire 12/31/2015,
OBIBIS111D06,obi0205,Windows 2008 R2 Standard (64) - v2,TECHPROD-NADC-01,srv14709,unit19553,OBIBIS111D06_BIT,6,2,3,Prod,Retire 12/31/2015,Windows no EM
OBIBIS111D06,obi0205,apol5u10,TECHPROD-NADC-01,srv14709,unit19552,OBIBIS111D06_BIS,24,4,12,Prod,Retire 12/31/2015,
OBIBIS111D06,obi0206,Windows 2008 R2 Standard (64) - v2,TECHPROD-NADC-01,srv14805,unit19555,OBIBIS111D06_BIT,6,2,3,Prod,Retire 12/31/2015,Windows no EM
OBIBIS111D06,obi0206,apol5u10,TECHPROD-NADC-01,srv14805,unit19554,OBIBIS111D06_BIS,24,4,12,Prod,Retire 12/31/2015,
OBIBIS111D06,obi0208,Windows 2008 R2 Standard (64) - v2,TECHPROD-NADC-01,srv11906,unit19559,OBIBIS111D06_BIT,6,2,3,Prod,Retire 12/31/2015,Windows no EM
OBIBIS111D06,obi0208,apol5u10,TECHPROD-NADC-01,srv14709,unit19558,OBIBIS111D06_BIS,24,4,12,Prod,Retire 12/31/2015,
OBIBIS111D06,obi0209,Windows 2008 R2 Standard (64) - v2,TECHPROD-NADC-01,srv12002,unit19561,OBIBIS111D06_BIT,6,2,3,Dev,N,Windows no EM
OBIBIS111D06,obi0209,apol5u10,TECHPROD-NADC-01,srv14709,unit19560,OBIBIS111D06_BIS,24,4,12,Dev,N,
OBIBIS111D06,obi0210,Windows 2008 R2 Standard (64) - v2,TECHPROD-NADC-01,srv12005,unit19563,OBIBIS111D06_BIT,6,2,3,Prod,Retire 12/31/2015,Windows no EM
OBIBIS111D06,obi0210,apol5u10,TECHPROD-NADC-01,srv14709,unit19562,OBIBIS111D06_BIS,24,4,12,Prod,Retire 12/31/2015,
OBIBIS111D06,obi0211,Windows 2008 R2 Standard (64) - v2,TECHPROD-NADC-01,srv14409,unit19565,OBIBIS111D06_BIT,6,2,3,Prod,Retire 12/31/2015,Windows no EM
OBIBIS111D06,obi0211,apol5u10,TECHPROD-NADC-01,srv11812,unit19564,OBIBIS111D06_BIS,24,4,12,Prod,Retire 12/31/2015,
OBIBIS111D06,obi0216,Windows 2008 R2 Standard (64) - v2,TECHPROD-NADC-01,srv11215,unit19665,OBIBIS111D06_BIT,6,2,3,Prod,Retire 12/31/2015,Windows no EM
OBIBIS111D06,obi0216,apol5u10,TECHPROD-NADC-01,srv12105,unit19664,OBIBIS111D06_BIS,36,4,18,Prod,Retire 12/31/2015,
OBIBIS111D06,obi0217,Windows 2008 R2 Standard (64) - v2,TECHPROD-NADC-01,srv11515,unit19730,OBIBIS111D06_BIT,6,2,3,Prod,Retire 12/31/2015,Windows no EM
OBIBIS111D06,obi0217,apol5u10,TECHPROD-NADC-01,srv17831,unit19729,OBIBIS111D06_BIS,24,4,12,Prod,Retire 12/31/2015,
OBIBIS111D06,obi0219,Windows 2008 R2 Standard (64) - v2,TECHPROD-NADC-01,srv14805,unit20014,OBIBIS111D06_BIT,6,2,3,Prod,Retire 12/31/2015,Windows no EM
OBIBIS111D06,obi0219,apol5u10,TECHPROD-NADC-01,srv14805,unit20013,OBIBIS111D06_BIS,24,4,12,Prod,Retire 12/31/2015,
OBIBIS111D06,obi0220,Windows 2008 R2 Standard (64) - v2,TECHPROD-NADC-01,srv11215,unit20016,OBIBIS111D06_BIT,6,2,3,Prod,Retire 12/31/2015,Windows no EM
OBIBIS111D06,obi0220,apol5u10,TECHPROD-NADC-01,srv11812,unit20015,OBIBIS111D06_BIS,24,4,12,Prod,Retire 12/31/2015,
OBIBIS111D06,obi0221,Windows 2008 R2 Standard (64) - v2,TECHPROD-NADC-01,srv10611,unit20018,OBIBIS111D06_BIT,6,2,3,Prod,Retire 12/31/2015,Windows no EM
OBIBIS111D06,obi0221,apol5u10,TECHPROD-NADC-01,srv11812,unit20017,OBIBIS111D06_BIS,24,4,12,Prod,Retire 12/31/2015,
OBIBIS111D06,obi0225,Windows 2008 R2 Standard (64) - v2,TECHPROD-NADC-01,srv10610,unit20151,OBIBIS111D06_BIT,6,2,3,Prod,Retire 12/31/2015,Windows no EM
OBIBIS111D06,obi0225,apol5u10,TECHPROD-NADC-01,srv10610,unit20150,OBIBIS111D06_BIS,24,4,12,Prod,Retire 12/31/2015,
OBIBIS111D06,obi0228,Windows 2008 R2 Standard (64) - v2,ADE-NADC-11,srv14905,unit20582,OBIBIS111D06_BIT,6,2,3,Prod,Retire 12/31/2015,Windows no EM
OBIBIS111D06,obi0228,apol5u10,ADE-NADC-11,srv14505,unit20581,OBIBIS111D06_BIS,24,4,12,Prod,Retire 12/31/2015,
OBIBIS111D06,obi0229,Windows 2008 R2 Standard (64) - v2,MISC-NADC-11,srv14014,unit20584,OBIBIS111D06_BIT,6,2,3,Prod,Retire 12/31/2015,Windows no EM
OBIBIS111D06,obi0229,apol5u10,ADE-NADC-11,srv11905,unit20583,OBIBIS111D06_BIS,24,4,12,Prod,Retire 12/31/2015,
OBIBIS111D06,obi0232,Windows 2008 R2 Standard (64) - v2,TECHPROD-NADC-01,srv14806,unit20766,OBIBIS111D06_BIT,6,2,3,Prod,Retire 12/31/2015,Windows no EM
OBIBIS111D06,obi0232,apol5u10,TECHPROD-NADC-01,srv14806,unit20765,OBIBIS111D06_BIS,24,4,12,Prod,Retire 12/31/2015,
OBIBIS111D06,obi0236,Windows 2008 R2 Standard (64) - v2,TECHPROD-NADC-01,srv11812,unit24209,OBIBIS111D06_BIT,6,2,3,Prod,Retire 12/31/2015,Windows no EM
OBIBIS111D06,obi0236,apol5u10,TECHPROD-NADC-01,srv11812,unit24208,OBIBIS111D06_BIS,24,4,12,Prod,Retire 12/31/2015,
OBIBIS111D06,obi0272,Windows 2008 R2 Standard (64) - v2,TECHPROD-NADC-01,srv17931,unit0057,OBIBIS111D06_BIT,6,2,3,Prod,Retire 12/31/2015,Windows no EM
OBIBIS111D06,obi0272,apol5u10,TECHPROD-NADC-01,srv17931,unit0056,OBIBIS111D06_BIS,24,4,12,Prod,Retire 12/31/2015,
OBIBIS111D06,ofm00211,Windows 2008 R2 Standard (64) - v2,TECHBUILD-NADC-01,srv11510,unit4486,OBIBIS111D06_BIT,6,2,3,Prod,Retire 12/31/2015,Windows no EM
OBIBIS111D06,ofm00211,apol5u10,TECHBUILD-NADC-01,srv17832,unit4485,OBIBIS111D06_BIS,24,4,12,Prod,Retire 12/31/2015,
OBIBIS111D06,ofm00213,Windows 2008 R2 Standard (64),TECHBUILD-NADC-01,srv11510,unit4497,OBIBIS111D06_BIT,6,2,3,Prod,Retire 12/31/2015,Windows no EM
OBIBIS111D08,obi0109,apol5u10,TECHPROD-NADC-01,srv17931,unit17426,OBIBIS111D08_BIS,38,6,19,Prod,Retire 12/31/2015,
OBIBIS111D08,obi0111,apol5u10,TECHPROD-NADC-01,srv11215,unit18812,OBIBIS111D08_BIS,38,6,19,Prod,Retire 12/31/2015,
OBIBIS111D08,obi0130,apol5u10,TECHPROD-NADC-01,srv12005,unit24337,OBIBIS111D08_BIS,38,6,19,Prod,Retire 12/31/2015,
OBIBIS111D08,obi0131,apol5u10,TECHPROD-NADC-01,srv14408,unit24338,OBIBIS111D08_BIS,38,6,19,Prod,Retire 12/31/2015,
OBIBIS111D08,obi0132,apol5u10,TECHPROD-NADC-01,srv10611,unit24339,OBIBIS111D08_BIS,38,6,19,Prod,Retire 12/31/2015,
OBIBIS111D08,obi0137,apol5u10,TECHPROD-NADC-01,srv13703,unit24581,OBIBIS111D08_BIS,38,6,19,Prod,Retire 12/31/2015,
OBIBIS111D08,obi0192,apol5u10,TECHPROD-NADC-01,srv17809,unit17516,OBIBIS111D08_BIS,38,6,19,Prod,Retire 12/31/2015,
OBIBIS111D08,obi0215,apol5u10,TECHPROD-NADC-01,srv14806,unit24582,OBIBIS111D08_BIS,38,6,19,Prod,Retire 12/31/2015,
OBIBIS111D08,obi0218,apol5u10,TECHPROD-NADC-01,srv14705,unit24583,OBIBIS111D08_BIS,38,6,19,Prod,Retire 12/31/2015,
OBIBIS111D08,obi0235,apol5u10,TECHPROD-NADC-01,srv11812,unit17519,OBIBIS111D08_BIS,38,6,19,Prod,Retire 12/31/2015,
OBIBIS111D08,obi0246,apol5u10,TECHPROD-NADC-01,srv14413,unit18281,OBIBIS111D08_BIS,38,6,19,Prod,Retire 12/31/2015,
OBIBIS111D08,obi0247,apol5u10,TECHPROD-NADC-01,srv17831,unit18282,OBIBIS111D08_BIS,38,6,19,Prod,Retire 12/31/2015,
OBIBIS111D08,obi0248,apol5u10,TECHPROD-NADC-01,srv14808,unit18286,OBIBIS111D08_BIS,38,6,19,Prod,Retire 12/31/2015,
OBIBIS111D08,obi0249,apol5u10,TECHPROD-NADC-01,srv12105,unit18287,OBIBIS111D08_BIS,38,6,19,Prod,Retire 12/31/2015,
OBIBIS111D08,obi0250,apol5u10,TECHPROD-NADC-01,srv13410,unit17520,OBIBIS111D08_BIS,38,6,19,Prod,Retire 12/31/2015,
OBIBIS111D08,obi0251,apol5u10,TECHPROD-NADC-01,srv13410,unit17521,OBIBIS111D08_BIS,38,6,19,Prod,Retire 12/31/2015,
OBIBIS111D08,obi0253,apol5u10,TECHPROD-NADC-01,srv11710,unit17624,OBIBIS111D08_BIS,38,6,19,Prod,Retire 12/31/2015,
OBIBIS111D08,obi0261,apol5u10,TECHPROD-NADC-01,srv11906,unit17625,OBIBIS111D08_BIS,38,6,19,Prod,Retire 12/31/2015,
OBIBIS111D08,obi0274,apol5u10,TECHPROD-NADC-01,srv12005,unit0076,OBIBIS111D08_BIS,38,6,19,Prod,Retire 12/31/2015,
OBIBIS111D09,obi0122,apol5u10,TECHBUILD-NADC-01,srv11002,unit24287,OBIBIS111D09_BIS,38,6,19,Dev,Y,
OBIBIS111D09,obi0125,apol5u10,TECHBUILD-NADC-01,srv10805,unit24288,OBIBIS111D09_BIS,38,6,19,Dev,Y,
OBIBIS111D09,obi0234,apol5u10,TECHPROD-NADC-01,srv11812,unit17518,OBIBIS111D09_BIS,38,6,19,Prod,Y,
OBIBIS111D09,obi0258,apol5u10,TECHPROD-NADC-01,srv11710,unit14753,OBIBIS111D09_BIS,38,6,19,Prod,Y,
OBIBIS111D09,obi0260,apol5u10,TECHPROD-NADC-01,srv11906,unit17554,OBIBIS111D09_BIS,38,6,19,Prod,Y,
OBIBIS111D09,obi0268,apol5u10,TECHPROD-NADC-01,srv17931,unit22041,OBIBIS111D09_BIS,38,6,19,Prod,Y,
OBIBIS111D09,obi0269,apol5u10,TECHPROD-NADC-01,srv17931,unit22181,OBIBIS111D09_BIS,38,6,19,Prod,Y,
OBIBIS111D09,obi0270,apol5u10,TECHPROD-NADC-01,srv13410,unit0515,OBIBIS111D09_BIS,38,6,19,Prod,Y,
OBIBIS111D09,obi0276,apol5u10,TECHPROD-NADC-01,srv17932,unit0320,OBIBIS111D09_BIS,38,6,19,Prod,Y,
OBIBIS111D09,obi0277,apol5u10,TECHPROD-NADC-01,srv14708,unit0322,OBIBIS111D09_BIS,38,6,19,Prod,Y,
OBIBIS111D09,obi0278,apol5u10,TECHPROD-NADC-01,srv17932,unit0484,OBIBIS111D09_BIS,38,6,19,Prod,Y,
OBIBIS111D09,obi0280,apol5u10,TECHPROD-NADC-01,srv11812,unit1315,OBIBIS111D09_BIS,38,6,19,Prod,Y,
OBIBIS111D09,obi0281,apol5u10,TECHPROD-NADC-01,srv11906,unit1995,OBIBIS111D09_BIS,38,6,19,Prod,Y,
OBIBIS111D09,obi0282,apol5u10,TECHBUILD-NADC-01,srv11002,unit1999,OBIBIS111D09_BIS,38,6,19,Prod,Y,
OBIBIS111D09,obi0283,apol5u10,TECHPROD-NADC-01,srv11812,unit19785,OBIBIS111D09_BIS,38,6,19,Prod,Y,
OBIBIS111D09,obi0284,apol5u10,TECHPROD-NADC-01,srv17831,unit23079,OBIBIS111D09_BIS,38,6,19,Prod,Y,
OBIBIS111D09,obi0285,apol5u10,TECHPROD-NADC-01,srv10611,unit23080,OBIBIS111D09_BIS,38,6,19,Prod,Y,
OBIBIS111D09,obi0316,apol5u10,TECHPROD-NADC-01,srv13410,unit5053,OBIBIS111D09_BIS,38,6,19,Prod,Y,
OBIBIS111D09,obi0328,apol5u10,TECHPROD-NADC-01,srv14805,unit17202,OBIBIS111D09_BIS,38,6,19,Prod,Y,
OBIBIS111D09,obi0331,apol5u10,TECHPROD-NADC-01,srv13411,unit17936,OBIBIS111D09_BIS,38,6,19,Prod,Y,
OBIBIS111D10,obi0012,apol5u10,TECHBUILD-NADC-01,srv17832,unit24246,OBIBIS111D10_BIS,24,4,12,Dev,Retire 12/31/2015,
OBIBIS111D10,obi0086,apol5u10,TECHBUILD-NADC-01,srv11510,unit24247,OBIBIS111D10_BIS,24,4,12,Dev,Retire 12/31/2015,
OBIBIS111D10,obi0088,apol5u10,TECHBUILD-NADC-01,srv17832,unit24248,OBIBIS111D10_BIS,24,4,12,Dev,Retire 12/31/2015,
OBIOTBIEED01,obi0035,apol5u10,TECHPROD-NADC-01,srv11906,unit18544,OBIOTBIEED01_BIS,48,8,24,Prod,Retire 12/31/2015,
OBIOTBIEED01,obi0035,apol5u10,TECHPROD-NADC-01,srv12806,unit18647,OBIOTBIEED01_OAM,32,4,16,Prod,Retire 12/31/2015,
OBIOTBIEED01,obi0084,apol5u10,TECHPROD-NADC-01,srv10903,unit18648,OBIOTBIEED01_BIS,48,8,24,Prod,Retire 12/31/2015,
OBIOTBIEED01,obi0084,apol5u10,TECHPROD-NADC-01,srv14408,unit18649,OBIOTBIEED01_OAM,32,4,16,Prod,Retire 12/31/2015,
OBIOTBIEED01,obi0094,apol5u10,TECHBUILD-NADC-01,srv17930,unit18677,OBIOTBIEED01_BIS,48,8,24,Prod,Retire 12/31/2015,
OBIOTBIEED01,obi0094,apol5u10,TECHBUILD-NADC-01,srv17930,unit18678,OBIOTBIEED01_OAM,32,4,16,Prod,Retire 12/31/2015,
OBIOTBIEED01,obi0100,apol5u10,TECHBUILD-NADC-01,srv17930,unit18778,OBIOTBIEED01_BIS,48,8,24,Prod,Retire 12/31/2015,
OBIOTBIEED01,obi0100,apol5u10,TECHBUILD-NADC-01,srv17930,unit18779,OBIOTBIEED01_OAM,32,4,16,Prod,Retire 12/31/2015,
OBIOTBIEED01,obi0133,apol5u10,TECHPROD-NADC-01,srv10611,unit3683,OBIOTBIEED01_BIS,48,8,24,Prod,Retire 12/31/2015,
OBIOTBIEED01,obi0133,apol5u10,TECHPROD-NADC-01,srv10611,unit5426,OBIOTBIEED01_OAM,32,4,16,Prod,Retire 12/31/2015,
OBIOTBIEED01,obi0222,apol5u10,TECHPROD-NADC-01,srv14805,unit20137,OBIOTBIEED01_OAM,32,4,16,Prod,Retire 12/31/2015,
OBIOTBIEED01,obi0222,apol5u10,TECHPROD-NADC-01,srv14805,unit4496,OBIOTBIEED01_BIS,48,8,24,Prod,Retire 12/31/2015,
OBIOTBIEED01,obi0231,apol5u10,TECHPROD-NADC-01,srv14708,unit2352,OBIOTBIEED01_BIS,48,8,24,Prod,Retire 12/31/2015,
OBIOTBIEED01,obi0231,apol5u10,TECHPROD-NADC-01,srv14708,unit2359,OBIOTBIEED01_OAM,32,4,16,Prod,Retire 12/31/2015,
OBIOTBIEED01,obi0233,apol5u10,TECHBUILD-NADC-01,srv13709,unit22043,OBIOTBIEED01_BIS,48,8,24,Prod,Retire 12/31/2015,
OBIOTBIEED01,obi0233,apol5u10,TECHBUILD-NADC-01,srv13709,unit22044,OBIOTBIEED01_OAM,32,4,16,Dev,Retire 12/31/2015,
OBIOTBIEED01,obi0240,apol5u10,TECHPROD-NADC-01,srv13703,unit23034,OBIOTBIEED01_BIS,48,8,24,Prod,Retire 12/31/2015,
OBIOTBIEED01,obi0240,apol5u10,TECHPROD-NADC-01,srv13703,unit23035,OBIOTBIEED01_OAM,32,4,16,Prod,Retire 12/31/2015,
OBIOTBIEED01,obi0243,apol5u10,TECHPROD-NADC-01,srv17825,unit3053,OBIOTBIEED01_BIS,48,8,24,Prod,Retire 12/31/2015,
OBIOTBIEED01,obi0243,apol5u10,TECHPROD-NADC-01,srv17931,unit3075,OBIOTBIEED01_OAM,32,4,16,Prod,Retire 12/31/2015,
OBIOTBIEED01,obi0275,apol5u10,TECHPROD-NADC-01,srv17932,unit0077,OBIOTBIEED01_BIS,48,8,24,Prod,Retire 12/31/2015,
OBIOTBIEED01,obi0275,apol5u10,TECHPROD-NADC-01,srv17932,unit0078,OBIOTBIEED01_OAM,32,4,16,Prod,Retire 12/31/2015,
OBIOTBIEED01,obi0322,apol5u10,TECHPROD-NADC-01,srv12002,unit20441,OBIOTBIEED01_BIS,48,8,24,Prod,Retire 12/31/2015,
OBIOTBIEED01,obi0322,apol5u10,TECHPROD-NADC-01,srv12002,unit24815,OBIOTBIEED01_OAM,32,4,16,Prod,Retire 12/31/2015,
OBIOTBIEED01,obi0323,apol5u10,TECHPROD-NADC-01,srv13411,unit24817,OBIOTBIEED01_OAM,32,4,16,Prod,Retire 12/31/2015,
OBIOTBIEED01,obi0323,apol5u10,TECHPROD-NADC-01,srv17932,unit24816,OBIOTBIEED01_BIS,48,8,24,Prod,Retire 12/31/2015,
OBIOTBIEED01,obi0324,apol5u10,TECHPROD-NADC-01,srv17825,unit24818,OBIOTBIEED01_BIS,48,8,24,Prod,Retire 12/31/2015,
OBIOTBIEED01,obi0324,apol5u10,TECHPROD-NADC-01,srv17831,unit24819,OBIOTBIEED01_OAM,32,4,16,Prod,Retire 12/31/2015,
OBIOTBIEED01,obi0325,apol5u10,TECHPROD-NADC-01,srv10903,unit24849,OBIOTBIEED01_BIS,48,8,24,Prod,Retire 12/31/2015,
OBIOTBIEED01,obi0325,apol5u10,TECHPROD-NADC-01,srv17825,unit24850,OBIOTBIEED01_OAM,32,4,16,Prod,Retire 12/31/2015,
OBIOTBIEED02,obi0238,apol5u10,TECHBUILD-NADC-01,srv17930,unit5455,OBIOTBIEED02_BIS,48,8,24,Dev,Retire 12/31/2015,
OBIOTBIEED02,obi0238,apol5u10,TECHBUILD-NADC-01,srv17930,unit5461,OBIOTBIEED02_OAM,32,4,16,Dev,Retire 12/31/2015,
OBIOTBIEED02,obi0239,apol5u10,TECHBUILD-NADC-01,srv14802,unit9904,OBIOTBIEED02_OAM,32,4,16,Dev,Retire 12/31/2015,
OBIOTBIEED02,obi0239,apol5u10,TECHBUILD-NADC-01,srv17930,unit14257,OBIOTBIEED02_BIS,48,8,24,Dev,Retire 12/31/2015,
OBIOTBIEED02,obi0259,apol5u10,TECHBUILD-NADC-01,srv10915,unit15764,OBIOTBIEED02_BIS,48,8,24,Prod,Retire 12/31/2015,
OBIOTBIEED02,obi0259,apol5u10,TECHBUILD-NADC-01,srv10915,unit15765,OBIOTBIEED02_OAM,32,4,16,Prod,Retire 12/31/2015,
OBIOTBIEED02,obi0262,apol5u10,TECHPROD-NADC-01,srv17809,unit17802,OBIOTBIEED02_BIS,48,8,24,Prod,Retire 12/31/2015,
OBIOTBIEED02,obi0262,apol5u10,TECHPROD-NADC-01,srv17809,unit17803,OBIOTBIEED02_OAM,32,4,16,Prod,Retire 12/31/2015,
OBIOTBIEED02,obi0271,apol5u10,TECHPROD-NADC-01,srv17932,unit22184,OBIOTBIEED02_BIS,48,8,24,Prod,Retire 12/31/2015,
OBIOTBIEED02,obi0271,apol5u10,TECHPROD-NADC-01,srv17932,unit22185,OBIOTBIEED02_OAM,32,4,16,Prod,Retire 12/31/2015,
OBIOTBIEED03,obi0093,apol5u10,TECHBUILD-NADC-01,srv10805,unit24253,OBIOTBIEED03_OAM,32,4,16,Prod,Y,
OBIOTBIEED03,obi0093,apol5u10,TECHBUILD-NADC-01,srv14411,unit24252,OBIOTBIEED03_BIS,48,8,24,Prod,Y,
OBIOTBIEED03,obi0112,apol5u10,TECHBUILD-NADC-01,srv11002,unit24254,OBIOTBIEED03_BIS,48,8,24,Prod,Y,
OBIOTBIEED03,obi0112,apol5u10,TECHBUILD-NADC-01,srv13709,unit24255,OBIOTBIEED03_OAM,32,4,16,Prod,Y,
OBIOTBIEED03,obi0286,apol5u10,TECHPROD-NADC-01,srv11215,unit2918,OBIOTBIEED03_OAM,32,4,16,Prod,Y,
OBIOTBIEED03,obi0286,apol5u10,TECHPROD-NADC-01,srv13410,unit2917,OBIOTBIEED03_BIS,48,8,24,Prod,Y,
OBIOTBIEED03,obi0301,apol5u10,GSELABS-NADC-01,srv13602,unit3311,OBIOTBIEED03_BIS,48,8,24,Prod,Y,
OBIOTBIEED03,obi0301,apol5u10,GSELABS-NADC-01,srv13602,unit3315,OBIOTBIEED03_OAM,32,4,16,Prod,Y,
OBIOTBIEED03,obi0302,apol5u10,GSELABS-NADC-01,srv13602,unit3317,OBIOTBIEED03_BIS,48,8,24,Prod,Y,
OBIOTBIEED03,obi0302,apol5u10,GSELABS-NADC-01,srv13602,unit3318,OBIOTBIEED03_OAM,32,4,16,Prod,Y,
OBIOTBIEED03,obi0303,apol5u10,GSELABS-NADC-01,srv13602,unit3319,OBIOTBIEED03_BIS,48,8,24,Prod,Y,
OBIOTBIEED03,obi0303,apol5u10,GSELABS-NADC-01,srv13602,unit3320,OBIOTBIEED03_OAM,32,4,16,Prod,Y,
OBIOTBIEED03,obi0305,apol5u10,GSELABS-NADC-01,srv13602,unit3340,OBIOTBIEED03_BIS,48,8,24,Prod,Y,
OBIOTBIEED03,obi0305,apol5u10,GSELABS-NADC-01,srv13602,unit3389,OBIOTBIEED03_OAM,32,4,16,Prod,Y,
OBIOTBIEED03,obi0312,apol5u10,TECHPROD-NADC-01,srv17932,unit4035,OBIOTBIEED03_BIS,48,8,24,Prod,Y,
OBIOTBIEED03,obi0312,apol5u10,TECHPROD-NADC-01,srv17932,unit4075,OBIOTBIEED03_OAM,32,4,16,Prod,Y,
OBIOTBIEED03,obi0317,apol5u10,TECHPROD-NADC-01,srv11812,unit23897,OBIOTBIEED03_BIS,48,8,24,Prod,Y,
OBIOTBIEED03,obi0317,apol5u10,TECHPROD-NADC-01,srv12105,unit23898,OBIOTBIEED03_OAM,32,4,16,Prod,Y,
OBIOTBIEED03,obi0320,apol5u10,TECHPROD-NADC-01,srv13201,unit23973,OBIOTBIEED03_BIS,48,8,24,Prod,Y,
OBIOTBIEED03,obi0320,apol5u10,TECHPROD-NADC-01,srv14502,unit23974,OBIOTBIEED03_OAM,32,4,16,Prod,Y,
OBIOTBIEED03,obi0321,apol5u10,TECHPROD-NADC-01,srv12002,unit23975,OBIOTBIEED03_BIS,48,8,24,Prod,Y,
OBIOTBIEED03,obi0321,apol5u10,TECHPROD-NADC-01,srv12005,unit23976,OBIOTBIEED03_OAM,32,4,16,Prod,Y,
ODBACM121W01,odb0187,Windows 2008 R2 Standard (64) - v2,TECHPROD-NADC-01,srv17809,unit23889,ODBACM121W01_WIN,8,2,4,Prod,Retired 15-Sep-15,Already Retired
ODBACM121W01,odb0187,apol5u8,TECHPROD-NADC-01,srv13703,unit23888,ODBACM121W01_DB,16,2,8,Prod,Retired 15-Sep-15,Already Retired
ODBAVF121D01,odb00095,Win2008r2_a,TECHPROD-NADC-01,srv17931,unit4193,ODBAVF121D01_WIN,4,2,2,Prod,N,Windows no EM
ODBAVF121D01,odb00095,apol5u10,TECHPROD-NADC-01,srv10903,unit4190,ODBAVF121D01_DB1,16,2,8,Prod,N,Bare metel not sure EM standardization possible
ODBAVF121D01,odb00095,apol5u10,TECHPROD-NADC-01,srv11713,unit4189,ODBAVF121D01_AV,4,2,2,Prod,N,Bare metel not sure EM standardization possible
ODBAVF121D01,odb00095,apol5u10,TECHPROD-NADC-01,srv17825,unit4192,ODBAVF121D01_FW,4,2,2,Prod,N,
ODBBDA211D01,odb0043,apol5u10,TECHPROD-NADC-01,srv12005,unit1087,ODBBDA211D01_CC,16,2,8,Prod,N,EM Image Check with Fethiye to Retire
ODBBIG111D01,odb0046,Win2008r2_a,TECHPROD-NADC-01,srv17825,unit1090,ODBBIG111D01_BI,32,2,16,Prod,N,Windows no EM
ODBBIG111D01,odb0046,apol5u10,TECHPROD-NADC-01,srv11906,unit1102,ODBBIG111D01_DB,8,2,4,Prod,N,Check with Fethiye to Retire
ODBBIG111D01,odb0046,apol5u10,TECHPROD-NADC-01,srv11906,unit1103,ODBBIG111D01_HD1,8,2,4,Prod,N,Check with Fethiye to Retire
ODBBIG111D01,odb0046,apol5u10,TECHPROD-NADC-01,srv11906,unit1104,ODBBIG111D01_HD2,8,2,4,Prod,N,Check with Fethiye to Retire
ODBBIG111D01,odb0046,apol5u10,TECHPROD-NADC-01,srv11906,unit1105,ODBBIG111D01_HDM,8,2,4,Prod,N,
ODBCMP121D01,odb0056,apol5u10,TECHBUILD-NADC-01,srv10915,unit20434,ODBCMP121D01_DB,16,2,8,Dev,N,
ODBCMP121D01,odb0179,apol5u10,TECHBUILD-NADC-01,srv17832,unit19865,ODBCMP121D01_DB,16,2,8,Dev,N,
ODBCMP121D01,odb0244,apol5u10,TECHBUILD-NADC-01,srv10915,unit18539,ODBCMP121D01_DB,16,2,8,Dev,N,
ODBCMP121D01,odb0260,apol5u10,TECHBUILD-NADC-01,srv17828,unit20435,ODBCMP121D01_DB,16,2,8,Dev,N,
ODBDAS121D01,odb0216,apol6u4,TECHBUILD-NADC-01,srv17930,unit24481,ODBDAS121D01_DAS,48,4,24,Dev,N,Em Image
ODBDAS121D01,odb0240,apol6u4,TECHBUILD-NADC-01,srv14802,unit2460,ODBDAS121D01_DAS,48,4,24,Dev,N,Em Image 
ODBDBL121D01,odb0227,apol5u10,TECHPROD-NADC-01,srv11215,unit23258,ODBDBL121D01_RD4,32,4,16,Dev,N,EM Image
ODBDBL121D01,odb0227,apol5u10,TECHPROD-NADC-01,srv11215,unit23652,ODBDBL121D01_RD2,48,4,24,Dev,N,EM Image
ODBDBL121D01,odb0227,apol5u10,TECHPROD-NADC-01,srv11906,unit23646,ODBDBL121D01_GC,20,2,10,Dev,N,Em Image
ODBDBL121D01,odb0227,apol5u10,TECHPROD-NADC-01,srv14413,unit23259,ODBDBL121D01_RD5,48,4,24,Dev,N,Em Image
ODBDBL121D01,odb0227,apol5u10,TECHPROD-NADC-01,srv14413,unit23651,ODBDBL121D01_RD1,48,4,24,Dev,N,Em Image
ODBDBL121D01,odb0227,apol5u10,TECHPROD-NADC-01,srv17931,unit23647,ODBDBL121D01_PD1,16,2,8,Dev,N,Em Image
ODBDBL121D01,odb0227,apol5u10,TECHPROD-NADC-01,srv17931,unit23648,ODBDBL121D01_PD2,16,2,8,Dev,N,Em Image
ODBDBL121D01,odb0227,apol5u10,TECHPROD-NADC-01,srv17931,unit23650,ODBDBL121D01_PS,16,2,8,Dev,N,EM Image
ODBDBL121D01,odb0227,apol5u10,TECHPROD-NADC-01,srv17931,unit23653,ODBDBL121D01_RD3,16,2,8,Dev,N,EM Image
ODBDBP121D01,odb0009,apol5u10,ZEUSDEV-NADC-01,srv11015,unit17455,ODBDBP121D01_DB1,16,2,8,Dev,N,Em Image
ODBDBP121D01,odb0009,apol5u10,ZEUSDEV-NADC-01,srv11015,unit17456,ODBDBP121D01_DB2,12,2,6,Dev,N,Em Image
ODBDBP121D01,odb0009,apol5u10,ZEUSDEV-NADC-01,srv11015,unit17457,ODBDBP121D01_GC,16,2,8,Dev,N,Em Image
ODBDIM121D01,odb0214,Win2008r2_a,TECHPROD-NADC-01,srv17825,unit24289,ODBDIM121D01_APP,8,2,4,Dev,N,Windows no EM
ODBDIM121D01,odb0214,apol5u8,TECHPROD-NADC-01,srv17825,unit24290,ODBDIM121D01_DB1,20,4,10,Dev,N,EM Image
ODBEXA112D01,odb0045,apol5u10,TECHPROD-NADC-01,srv14502,unit4119,ODBEXA112D01_GC,16,2,8,Prod,Retire 11/30/15,
ODBGGR121D01,odb0224,Win2008r2_a,TECHBUILD-NADC-01,srv13815,unit20029,ODBGGR121D01_WIN,4,2,2,Dev,N,Windows no EM
ODBGGR121D01,odb0224,apol5u8,TECHBUILD-NADC-01,srv13815,unit24489,ODBGGR121D01_MMS,24,4,12,Dev,N,
ODBGGR121D01,odb0225,apol5u8,TECHBUILD-NADC-01,srv13815,unit24490,ODBGGR121D01_MMS,24,4,12,Dev,N,
ODBKEY121D01,odb0217,apol5u8,TECHBUILD-NADC-01,srv13815,unit24482,ODBKEY121D01_DB,24,4,12,Dev,N,
ODBKEY121D01,odb0241,apol5u8,TECHBUILD-NADC-01,srv17828,unit2461,ODBKEY121D01_DB,24,4,12,Dev,N,
ODBNSL121D01,odb0218,Win2008r2_a,TECHBUILD-NADC-01,srv13815,unit20023,ODBNSL121D01_WIN,4,2,2,Dev,N,Windows no EM
ODBNSL121D01,odb0218,apol6u4,TECHBUILD-NADC-01,srv12112,unit24483,ODBNSL121D01_OVW,24,4,12,Dev,N,
ODBNSL121D01,odb0219,apol6u4,TECHBUILD-NADC-01,srv13815,unit24484,ODBNSL121D01_OVW,24,4,12,Dev,N,
ODBODA270D01,odb0006,apol5u10,TECHBUILD-NADC-01,srv17832,unit7628,ODBODA270D01_CC,16,2,8,Prod,N,Em Image
ODBODA270D01,odb0006,win2008r2_a,TECHBUILD-NADC-01,srv11510,unit7629,ODBODA270D01_APP,6,2,3,Prod,N,Windows no EM
ODBODA270D01,odb0052,Win2008r2_a,ADMIN-NADC-13,srv15605,unit17191,ODBODA270D01_APP,6,2,3,Prod,N,Windows no EM
ODBODA270D01,odb0052,apol5u10,TECHBUILD-NADC-01,srv17832,unit17190,ODBODA270D01_CC,16,2,8,Prod,N,EM Image
ODBODA270D01,odb0052,win2008r2_a,TECHPROD-NADC-01,srv10319,unit9979,ODBODA270D01_APP1,6,2,3,Prod,N,Windows no EM
ODBODM121D01,odb0012,apol5u10,GSELABS-NADC-01,srv13003,unit9822,ODBODM121D01_SRV1,32,2,16,Dev,N,Em Image
ODBODM121D01,odb0263,apol5u10,TECHBUILD-NADC-01,srv11510,unit1240,ODBODM121D01_SRV1,32,2,16,Dev,N,Em Image
ODBPLG121D02,odb00094,apol5u10,TECHPROD-NADC-01,srv11515,unit4188,ODBPLG121D02_GC,20,4,10,Prod,Retire 11/31/2015,
ODBPLG121D02,odb00094,apol5u10,TECHPROD-NADC-01,srv14804,unit4186,ODBPLG121D02_DB1,12,2,6,Prod,Retire 11/31/2015,
ODBPLG121D02,odb00094,apol5u10,TECHPROD-NADC-01,srv17931,unit4187,ODBPLG121D02_DB2,12,2,6,Prod,Retire 11/31/2015,
ODBPLG121D02,odb0058,apol5u10,TECHPROD-NADC-01,srv11412,unit3615,ODBPLG121D02_GC,20,4,10,Prod,Retire 11/31/2015,
ODBPLG121D02,odb0058,apol5u10,TECHPROD-NADC-01,srv12005,unit3613,ODBPLG121D02_DB1,12,2,6,Prod,Retire 11/31/2015,
ODBPLG121D02,odb0058,apol5u10,TECHPROD-NADC-01,srv13703,unit3614,ODBPLG121D02_DB2,12,2,6,Prod,Retire 11/31/2015,
ODBRDM112D01,odb0243,apol6u4,TECHBUILD-NADC-01,srv17828,unit7026,ODBRDM112D01_DB,16,2,8,Dev,Retire 11/31/2015,
ODBSCC121D01,odb0220,apol6u4,TECHBUILD-NADC-01,srv13815,unit24485,ODBSCC121D01_CMP,24,4,12,Dev,Retire 11/31/2015,
ODBSCW121D01,odb0222,apol6u4,TECHBUILD-NADC-01,srv13815,unit24487,ODBSCW121D01_SEC,24,4,12,dev,N,
ODBSCW121D01,odb0223,apol6u4,TECHBUILD-NADC-01,srv13815,unit24488,ODBSCW121D01_SEC,24,4,12,dev,N,
ODBSEC112D02,odb0007,Win2008r2_a,TECHPROD-NADC-01,srv11906,unit1002,ODBSEC112D02_DB2,4,2,2,Prod,N,Windows no EM
ODBSEC112D02,odb0007,apol5u10,TECHPROD-NADC-01,srv10610,unit1000,ODBSEC112D02_DB1,16,2,8,Prod,N,
ODBSEC112D02,odb0007,apol5u10,TECHPROD-NADC-01,srv10611,unit1001,ODBSEC112D02_APP,8,2,4,Prod,N,
ODBSEC121D01,odb0044,apol5u10,TECHPROD-NADC-01,srv13201,unit7645,ODBSEC121D01_DB1,16,2,8,Prod,N,
ODBSEC121D01,odb0044,apol5u10,TECHPROD-NADC-01,srv14408,unit7646,ODBSEC121D01_DB2,16,2,8,Prod,N,
ODBSEC121D01,odb0044,apol5u10,TECHPROD-NADC-01,srv14413,unit17080,ODBSEC121D01_AV,4,2,2,Prod,N,
ODBSEC121D01,odb0044,apol5u10,TECHPROD-NADC-01,srv14413,unit17081,ODBSEC121D01_FW,4,2,2,Prod,N,
ODBSEC121D01,odb0044,apol5u10,TECHPROD-NADC-01,srv14414,unit7647,ODBSEC121D01_EM,12,2,6,Prod,N,Em Image
ODBSEC121D01,odb0180,apol5u10,TECHPROD-NADC-01,srv10610,unit20162,ODBSEC121D01_DB1,16,2,8,Prod,N,
ODBSEC121D01,odb0180,apol5u10,TECHPROD-NADC-01,srv10610,unit20163,ODBSEC121D01_DB2,16,2,8,Prod,N,
ODBSEC121D01,odb0180,apol5u10,TECHPROD-NADC-01,srv10610,unit20164,ODBSEC121D01_EM,12,2,6,Prod,N,Em Image
ODBSEC121D01,odb0180,apol5u10,TECHPROD-NADC-01,srv17825,unit20161,ODBSEC121D01_AV,4,2,2,Prod,N,
ODBSEC121D01,odb0180,apol5u10,TECHPROD-NADC-01,srv17825,unit20165,ODBSEC121D01_FW,4,2,2,Prod,N,
ODBSEC121D01,odb0182,apol5u10,TECHPROD-NADC-01,srv10319,unit20676,ODBSEC121D01_AV,4,2,2,Prod,N,
ODBSEC121D01,odb0182,apol5u10,TECHPROD-NADC-01,srv10319,unit20677,ODBSEC121D01_DB1,16,2,8,Prod,N,
ODBSEC121D01,odb0182,apol5u10,TECHPROD-NADC-01,srv10319,unit20680,ODBSEC121D01_FW,4,2,2,Prod,N,
ODBSEC121D01,odb0182,apol5u10,TECHPROD-NADC-01,srv10903,unit20678,ODBSEC121D01_DB2,16,2,8,Prod,N,
ODBSEC121D01,odb0182,apol5u10,TECHPROD-NADC-01,srv14414,unit20679,ODBSEC121D01_EM,12,2,6,Prod,N,EM Image
ODBSEC121D01,odb0183,apol5u10,TECHPROD-NADC-01,srv10319,unit20688,ODBSEC121D01_DB1,16,2,8,Prod,N,
ODBSEC121D01,odb0183,apol5u10,TECHPROD-NADC-01,srv11515,unit20689,ODBSEC121D01_DB2,16,2,8,Prod,N,
ODBSEC121D01,odb0183,apol5u10,TECHPROD-NADC-01,srv14708,unit20687,ODBSEC121D01_AV,4,2,2,Prod,N,
ODBSEC121D01,odb0183,apol5u10,TECHPROD-NADC-01,srv15606,unit20690,ODBSEC121D01_EM,12,2,6,Prod,N,Em Image
ODBSEC121D01,odb0183,apol5u10,TECHPROD-NADC-01,srv17931,unit20691,ODBSEC121D01_FW,4,2,2,Prod,N,
ODBSEC121D01,odb0190,apol5u10,ADMIN-NADC-11,srv12216,unit24072,ODBSEC121D01_AV,4,2,2,Prod,N,
ODBSEC121D01,odb0190,apol5u10,ADMIN-NADC-11,srv12216,unit24073,ODBSEC121D01_DB1,16,2,8,Prod,N,
ODBSEC121D01,odb0190,apol5u10,ADMIN-NADC-11,srv12216,unit24074,ODBSEC121D01_DB2,16,2,8,Prod,N,
ODBSEC121D01,odb0190,apol5u10,ADMIN-NADC-11,srv12216,unit24075,ODBSEC121D01_EM,12,2,6,Prod,N,EM Image
ODBSEC121D01,odb0190,apol5u10,ADMIN-NADC-11,srv12216,unit24076,ODBSEC121D01_FW,4,2,2,Prod,N,